date,cycle_type,ticker,monthly_return
2000-02-01,neutral,XLE,-4.233409252251496
2000-02-01,neutral,XLF,-10.704639947817396
2000-02-01,neutral,XLI,-5.517232654664217
2000-02-01,neutral,XLK,10.50682014757276
2000-02-01,neutral,XLP,-11.70143867984944
2000-02-01,neutral,XLU,-12.153788570653457
2000-02-01,neutral,XLV,-6.5386609510113765
2000-02-01,neutral,XLY,-5.571521467890728
2000-03-01,hiking,XLE,12.066870333617574
2000-03-01,hiking,XLF,17.83010743979101
2000-03-01,hiking,XLI,13.686142176446836
2000-03-01,hiking,XLK,8.389256326338268
2000-03-01,hiking,XLP,3.4272753250464305
2000-03-01,hiking,XLU,10.102984588445473
2000-03-01,hiking,XLV,8.994975242897073
2000-03-01,hiking,XLY,13.929477366398334
2000-04-01,hiking,XLE,-1.1624960666608675
2000-04-01,hiking,XLF,1.3363350121248674
2000-04-01,hiking,XLI,1.6539147547832034
2000-04-01,hiking,XLK,-9.18473154504441
2000-04-01,hiking,XLP,5.639974881557119
2000-04-01,hiking,XLU,7.340052686645904
2000-04-01,hiking,XLV,-1.1716318648547608
2000-04-01,hiking,XLY,-1.8912073143526609
2000-05-01,hiking,XLE,11.742438001136723
2000-05-01,hiking,XLF,2.2321541772030384
2000-05-01,hiking,XLI,-0.42192332070911664
2000-05-01,hiking,XLK,-10.397727616957141
2000-05-01,hiking,XLP,7.132854207759154
2000-05-01,hiking,XLU,-0.2193879940470489
2000-05-01,hiking,XLV,-2.6804342735143982
2000-05-01,hiking,XLY,-5.397995983784032
2000-06-01,hiking,XLE,-5.9564283179136535
2000-06-01,hiking,XLF,-5.177838787083278
2000-06-01,hiking,XLI,-4.131355266857861
2000-06-01,hiking,XLK,9.955612402895952
2000-06-01,hiking,XLP,5.4177052730403075
2000-06-01,hiking,XLU,-4.123137354543404
2000-06-01,hiking,XLV,0.2118167954819894
2000-06-01,hiking,XLY,-5.590846260145965
2000-07-01,hiking,XLE,-3.3453133086483344
2000-07-01,hiking,XLF,9.191779355839236
2000-07-01,hiking,XLI,1.7568837234679169
2000-07-01,hiking,XLK,-5.305642746665152
2000-07-01,hiking,XLP,-3.430713349372816
2000-07-01,hiking,XLU,2.3175189016026776
2000-07-01,hiking,XLV,-1.4798800122099331
2000-07-01,hiking,XLY,1.7816966034053916
2000-08-01,neutral,XLE,10.920732714395886
2000-08-01,neutral,XLF,10.157192678372539
2000-08-01,neutral,XLI,9.902068567201837
2000-08-01,neutral,XLK,10.170480923785785
2000-08-01,neutral,XLP,-1.221052693145963
2000-08-01,neutral,XLU,3.8960704121495215
2000-08-01,neutral,XLV,3.540816857420004
2000-08-01,neutral,XLY,-4.146630130712092
2000-09-01,neutral,XLE,1.2066143763901804
2000-09-01,neutral,XLF,1.8661345522918094
2000-09-01,neutral,XLI,-3.1683035385012492
2000-09-01,neutral,XLK,-17.965749694264964
2000-09-01,neutral,XLP,4.033852481293598
2000-09-01,neutral,XLU,12.282626781296702
2000-09-01,neutral,XLV,-3.6269658345690847
2000-09-01,neutral,XLY,-0.12540961769634817
2000-10-01,neutral,XLE,-2.2975882834795125
2000-10-01,neutral,XLF,-0.562421075479369
2000-10-01,neutral,XLI,2.528344998429488
2000-10-01,neutral,XLK,-5.727705498740098
2000-10-01,neutral,XLP,7.348669565954813
2000-10-01,neutral,XLU,6.686271273125999
2000-10-01,neutral,XLV,1.5053686667368504
2000-10-01,neutral,XLY,-1.0103727408260155
2000-11-01,neutral,XLE,-5.245129704351948
2000-11-01,neutral,XLF,-5.1086985820699145
2000-11-01,neutral,XLI,-3.3999876373231763
2000-11-01,neutral,XLK,-20.51465274547479
2000-11-01,neutral,XLP,3.450251753239475
2000-11-01,neutral,XLU,-0.045690807379050735
2000-11-01,neutral,XLV,-9.110192170339705
2000-11-01,neutral,XLY,-2.4793521860678847
2000-12-01,neutral,XLE,9.881047613311168
2000-12-01,neutral,XLF,8.132832679442803
2000-12-01,neutral,XLI,3.5196554888194065
2000-12-01,neutral,XLK,-9.892099729932147
2000-12-01,neutral,XLP,3.3351924714005277
2000-12-01,neutral,XLU,-2.7917973366262228
2000-12-01,neutral,XLV,1.631725471821066
2000-12-01,neutral,XLY,6.779652146253801
2001-01-01,cutting,XLE,-2.8970242168446236
2001-01-01,cutting,XLF,0.13170520686376364
2001-01-01,cutting,XLI,0.8019488531489039
2001-01-01,cutting,XLK,19.121743706670813
2001-01-01,cutting,XLP,-7.019782470996416
2001-01-01,cutting,XLU,-4.241553236695039
2001-01-01,cutting,XLV,7.248683846601844
2001-01-01,cutting,XLY,11.90831959604366
2001-02-01,cutting,XLE,-1.2138308838606338
2001-02-01,cutting,XLF,-6.72782017890563
2001-02-01,cutting,XLI,-5.993012406639265
2001-02-01,cutting,XLK,-24.906156704302475
2001-02-01,cutting,XLP,0.6043127821558247
2001-02-01,cutting,XLU,2.0753241131259648
2001-02-01,cutting,XLV,-1.916465624147523
2001-02-01,cutting,XLY,-7.14035501240703
2001-03-01,cutting,XLE,-3.2766436053977444
2001-03-01,cutting,XLF,-3.3150892785523967
2001-03-01,cutting,XLI,-9.83382042144071
2001-03-01,cutting,XLK,-11.460207663119593
2001-03-01,cutting,XLP,-7.2072654826610965
2001-03-01,cutting,XLU,-2.126945172162642
2001-03-01,cutting,XLV,-6.420077201799678
2001-03-01,cutting,XLY,-1.6584728862135245
2001-04-01,cutting,XLE,10.660328196957725
2001-04-01,cutting,XLF,3.9599770070849916
2001-04-01,cutting,XLI,11.750277464829061
2001-04-01,cutting,XLK,16.16937181300253
2001-04-01,cutting,XLP,2.2400387290107515
2001-04-01,cutting,XLU,5.568467515458253
2001-04-01,cutting,XLV,7.402099721710664
2001-04-01,cutting,XLY,4.850888451882485
2001-05-01,cutting,XLE,-0.9447573007558274
2001-05-01,cutting,XLF,4.399953875868423
2001-05-01,cutting,XLI,4.18497034399028
2001-05-01,cutting,XLK,-4.095799377681642
2001-05-01,cutting,XLP,1.4682316160698372
2001-05-01,cutting,XLU,0.7012570007859598
2001-05-01,cutting,XLV,3.8194697934893718
2001-05-01,cutting,XLY,2.380903259678413
2001-06-01,cutting,XLE,-9.537964916844576
2001-06-01,cutting,XLF,-1.079734996790549
2001-06-01,cutting,XLI,-6.381604089622394
2001-06-01,cutting,XLK,1.95442440875504
2001-06-01,cutting,XLP,-4.927699212973458
2001-06-01,cutting,XLU,-5.691755037649504
2001-06-01,cutting,XLV,-1.1705631564799757
2001-06-01,cutting,XLY,-1.0018042122844961
2001-07-01,cutting,XLE,-0.6890024707428277
2001-07-01,cutting,XLF,-0.586113066417493
2001-07-01,cutting,XLI,0.008579739433511868
2001-07-01,cutting,XLK,-6.92229090955413
2001-07-01,cutting,XLP,3.371780173955452
2001-07-01,cutting,XLU,-0.190361771910319
2001-07-01,cutting,XLV,-1.9560571410373706
2001-07-01,cutting,XLY,4.671443323922708
2001-08-01,cutting,XLE,-4.233289568152698
2001-08-01,cutting,XLF,-6.612101483214861
2001-08-01,cutting,XLI,-3.4327749918520056
2001-08-01,cutting,XLK,-12.204445109192141
2001-08-01,cutting,XLP,0.4790765995747348
2001-08-01,cutting,XLU,-3.5633393546856906
2001-08-01,cutting,XLV,-5.0759521958300695
2001-08-01,cutting,XLY,-8.754373513014379
2001-09-01,cutting,XLE,-10.128836115532092
2001-09-01,cutting,XLF,-6.052613843871823
2001-09-01,cutting,XLI,-15.008951191403842
2001-09-01,cutting,XLK,-16.37701066184404
2001-09-01,cutting,XLP,-0.4370167043972195
2001-09-01,cutting,XLU,-1.7130963101591568
2001-09-01,cutting,XLV,-14.514356277283092
2001-09-01,cutting,XLY,-12.893463351202627
2001-10-01,cutting,XLE,4.613018510634492
2001-10-01,cutting,XLF,-0.9794929613701209
2001-10-01,cutting,XLI,2.201959563998024
2001-10-01,cutting,XLK,10.909074204489677
2001-10-01,cutting,XLP,-0.32262042489593634
2001-10-01,cutting,XLU,-4.533198627373592
2001-10-01,cutting,XLV,0.5519194269399508
2001-10-01,cutting,XLY,5.584211776180736
2001-11-01,cutting,XLE,-5.5845041515882325
2001-11-01,cutting,XLF,6.49405901982989
2001-11-01,cutting,XLI,10.00423034759612
2001-11-01,cutting,XLK,14.94143084734083
2001-11-01,cutting,XLP,4.417641819569762
2001-11-01,cutting,XLU,-1.2626589288445067
2001-11-01,cutting,XLV,11.600384125567409
2001-11-01,cutting,XLY,13.316801846124404
2001-12-01,cutting,XLE,5.283874648444398
2001-12-01,cutting,XLF,1.5052327874813365
2001-12-01,cutting,XLI,4.52830086737841
2001-12-01,cutting,XLK,-2.2004568199830987
2001-12-01,cutting,XLP,-2.3077115087116296
2001-12-01,cutting,XLU,2.4114548210911524
2001-12-01,cutting,XLV,2.23823615674712
2001-12-01,cutting,XLY,4.379590614167572
2002-01-01,cutting,XLE,-3.1606132507953966
2002-01-01,cutting,XLF,-0.709685906904034
2002-01-01,cutting,XLI,-6.317704322663609
2002-01-01,cutting,XLK,-1.083363415191585
2002-01-01,cutting,XLP,-0.3186777298454069
2002-01-01,cutting,XLU,-2.8566070230070073
2002-01-01,cutting,XLV,-0.5662339017605156
2002-01-01,cutting,XLY,3.4488713479375877
2002-02-01,neutral,XLE,3.417406659629174
2002-02-01,neutral,XLF,-1.7307646968657164
2002-02-01,neutral,XLI,2.5048340536232283
2002-02-01,neutral,XLK,-13.015988834257675
2002-02-01,neutral,XLP,2.1007444800323016
2002-02-01,neutral,XLU,-0.18505523314610306
2002-02-01,neutral,XLV,4.598121060297045
2002-02-01,neutral,XLY,0.5416086226848638
2002-03-01,neutral,XLE,8.486750517924957
2002-03-01,neutral,XLF,6.262239139700898
2002-03-01,neutral,XLI,2.4060032842725843
2002-03-01,neutral,XLK,4.939456005822973
2002-03-01,neutral,XLP,1.3197921041195437
2002-03-01,neutral,XLU,4.486497840009962
2002-03-01,neutral,XLV,5.754134413741485
2002-03-01,neutral,XLY,1.14481005520215
2002-04-01,neutral,XLE,-3.2749002287787543
2002-04-01,neutral,XLF,-2.2169440964990628
2002-04-01,neutral,XLI,-6.629500785735242
2002-04-01,neutral,XLK,-12.090454648360593
2002-04-01,neutral,XLP,-3.4382438896939926
2002-04-01,neutral,XLU,-5.307917153991193
2002-04-01,neutral,XLV,-0.5639176171029936
2002-04-01,neutral,XLY,-2.6738229732643948
2002-05-01,neutral,XLE,-1.7594448766446003
2002-05-01,neutral,XLF,-0.30232205347668906
2002-05-01,neutral,XLI,0.43383261065035317
2002-05-01,neutral,XLK,-4.146970142821404
2002-05-01,neutral,XLP,-1.1142400174408262
2002-05-01,neutral,XLU,-0.8310984842844649
2002-05-01,neutral,XLV,1.39409352451203
2002-05-01,neutral,XLY,-0.513700513033799
2002-06-01,neutral,XLE,-4.239707400626324
2002-06-01,neutral,XLF,-4.700533456446987
2002-06-01,neutral,XLI,-6.360460091060228
2002-06-01,neutral,XLK,-13.362577450118895
2002-06-01,neutral,XLP,-10.462750750703698
2002-06-01,neutral,XLU,-7.619014864852391
2002-06-01,neutral,XLV,-7.176429627928971
2002-06-01,neutral,XLY,-5.43892139049611
2002-07-01,neutral,XLE,-13.33578631619411
2002-07-01,neutral,XLF,-7.906235909070681
2002-07-01,neutral,XLI,-5.431297852236794
2002-07-01,neutral,XLK,-9.481613571488523
2002-07-01,neutral,XLP,-3.9779649635483527
2002-07-01,neutral,XLU,-13.897174968464876
2002-07-01,neutral,XLV,-2.865722801970405
2002-07-01,neutral,XLY,-11.780198868724534
2002-08-01,neutral,XLE,1.5064643176021075
2002-08-01,neutral,XLF,1.865489407769072
2002-08-01,neutral,XLI,-1.555617810215837
2002-08-01,neutral,XLK,-0.8380478746930486
2002-08-01,neutral,XLP,0.798187676610973
2002-08-01,neutral,XLU,3.965134471501708
2002-08-01,neutral,XLV,0.9672612264431502
2002-08-01,neutral,XLY,3.0177535226042274
2002-09-01,hiking,XLE,-7.638624470320177
2002-09-01,hiking,XLF,-11.967632216292223
2002-09-01,hiking,XLI,-11.873552146113852
2002-09-01,hiking,XLK,-16.69012646812539
2002-09-01,hiking,XLP,-7.824885282097016
2002-09-01,hiking,XLU,-13.162748633122623
2002-09-01,hiking,XLV,-6.484923769629969
2002-09-01,hiking,XLY,-9.028879232209608
2002-10-01,neutral,XLE,2.3978188339372153
2002-10-01,neutral,XLF,9.73146336528794
2002-10-01,neutral,XLI,5.315370314371326
2002-10-01,neutral,XLK,24.767566104762075
2002-10-01,neutral,XLP,4.563065684406009
2002-10-01,neutral,XLU,-1.1126583193736161
2002-10-01,neutral,XLV,6.160298292356825
2002-10-01,neutral,XLY,6.882572840030066
2002-11-01,neutral,XLE,4.129887287264999
2002-11-01,neutral,XLF,3.723401633527157
2002-11-01,neutral,XLI,5.224537540667806
2002-11-01,neutral,XLK,15.853641594365687
2002-11-01,neutral,XLP,-2.772304605227738
2002-11-01,neutral,XLU,2.905742417772461
2002-11-01,neutral,XLV,3.0901059446376555
2002-11-01,neutral,XLY,4.628054895660139
2002-12-01,cutting,XLE,-0.49021105974881296
2002-12-01,cutting,XLF,-5.982912660395168
2002-12-01,cutting,XLI,-4.454718809993841
2002-12-01,cutting,XLK,-13.450288190107662
2002-12-01,cutting,XLP,-0.2501351360197135
2002-12-01,cutting,XLU,2.0244669338024046
2002-12-01,cutting,XLV,-4.117046007219427
2002-12-01,cutting,XLY,-8.728220983053214
2003-01-01,neutral,XLE,-2.004823803606115
2003-01-01,neutral,XLF,-0.6804125000781869
2003-01-01,neutral,XLI,-4.869326532364182
2003-01-01,neutral,XLK,-2.1013470941926626
2003-01-01,neutral,XLP,-2.8948022368812554
2003-01-01,neutral,XLU,-1.1863919169589843
2003-01-01,neutral,XLV,0.03400259752344148
2003-01-01,neutral,XLY,-3.110946592128516
2003-02-01,neutral,XLE,2.939814029836918
2003-02-01,neutral,XLF,-3.0846867144032064
2003-02-01,neutral,XLI,-1.5400946344844346
2003-02-01,neutral,XLK,0.4844477663427549
2003-02-01,neutral,XLP,-3.063313445467597
2003-02-01,neutral,XLU,-5.347565878600324
2003-02-01,neutral,XLV,-2.229791058189168
2003-02-01,neutral,XLY,-0.4476348499141136
2003-03-01,neutral,XLE,-0.40160969275835345
2003-03-01,neutral,XLF,-1.377694583918343
2003-03-01,neutral,XLI,0.6777443404251571
2003-03-01,neutral,XLK,-1.5151116364922168
2003-03-01,neutral,XLP,-0.5356680610039688
2003-03-01,neutral,XLU,3.954750540091756
2003-03-01,neutral,XLV,3.285675989537906
2003-03-01,neutral,XLY,2.203212324456394
2003-04-01,neutral,XLE,-0.3299132477604383
2003-04-01,neutral,XLF,13.078414045711817
2003-04-01,neutral,XLI,11.247030952985892
2003-04-01,neutral,XLK,9.160805602453115
2003-04-01,neutral,XLP,3.5285604949112814
2003-04-01,neutral,XLU,9.802382518707265
2003-04-01,neutral,XLV,3.5725133136117915
2003-04-01,neutral,XLY,11.863935170935713
2003-05-01,neutral,XLE,10.6190494851917
2003-05-01,neutral,XLF,5.091975015771766
2003-05-01,neutral,XLI,2.7103261254425526
2003-05-01,neutral,XLK,8.584232940274617
2003-05-01,neutral,XLP,4.9163766387283925
2003-05-01,neutral,XLU,10.105042931198692
2003-05-01,neutral,XLV,2.0652134027904
2003-05-01,neutral,XLY,5.317039269002266
2003-06-01,neutral,XLE,-1.7564684005708209
2003-06-01,neutral,XLF,-0.04063532661089386
2003-06-01,neutral,XLI,1.8653091415649081
2003-06-01,neutral,XLK,0.7079788556468403
2003-06-01,neutral,XLP,0.4984530693618705
2003-06-01,neutral,XLU,0.4997974182286091
2003-06-01,neutral,XLV,4.1178630262402205
2003-06-01,neutral,XLY,1.3088845688671746
2003-07-01,cutting,XLE,-3.070517200998968
2003-07-01,cutting,XLF,4.843161061989387
2003-07-01,cutting,XLI,3.5315228476354488
2003-07-01,cutting,XLK,3.1048719905302002
2003-07-01,cutting,XLP,0.3039907081001436
2003-07-01,cutting,XLU,-5.894931832359507
2003-07-01,cutting,XLV,-1.217632571464411
2003-07-01,cutting,XLY,1.9872845601315747
2003-08-01,neutral,XLE,6.379349733442141
2003-08-01,neutral,XLF,-1.1709938894238547
2003-08-01,neutral,XLI,3.8910603162732427
2003-08-01,neutral,XLK,4.772698785167662
2003-08-01,neutral,XLP,1.6890000175194597
2003-08-01,neutral,XLU,1.9864706533044396
2003-08-01,neutral,XLV,-3.703683374471123
2003-08-01,neutral,XLY,5.110560219952487
2003-09-01,neutral,XLE,-2.5526842518811654
2003-09-01,neutral,XLF,0.3554686537678542
2003-09-01,neutral,XLI,-3.0794797733547763
2003-09-01,neutral,XLK,-0.8676895287466402
2003-09-01,neutral,XLP,-0.7327557109613303
2003-09-01,neutral,XLU,4.0379979621266715
2003-09-01,neutral,XLV,-0.035970017985031966
2003-09-01,neutral,XLY,-4.896582328677601
2003-10-01,neutral,XLE,1.4647073434793878
2003-10-01,neutral,XLF,7.492362671652697
2003-10-01,neutral,XLI,6.559851275277118
2003-10-01,neutral,XLK,7.330396584193721
2003-10-01,neutral,XLP,4.885098687990053
2003-10-01,neutral,XLU,1.589074796014689
2003-10-01,neutral,XLV,0.9815135411775255
2003-10-01,neutral,XLY,9.243457107566243
2003-11-01,neutral,XLE,0.782485173614389
2003-11-01,neutral,XLF,-0.3680379226754016
2003-11-01,neutral,XLI,1.9814294704284974
2003-11-01,neutral,XLK,1.4271639244750611
2003-11-01,neutral,XLP,1.1769883456292263
2003-11-01,neutral,XLU,0.22675530444606906
2003-11-01,neutral,XLV,2.142886720450332
2003-11-01,neutral,XLY,0.8973021758772459
2003-12-01,cutting,XLE,12.586844207072856
2003-12-01,cutting,XLF,3.915767095077838
2003-12-01,cutting,XLI,6.106229621147152
2003-12-01,cutting,XLK,2.4120185627635182
2003-12-01,cutting,XLP,1.3494657491636364
2003-12-01,cutting,XLU,5.565573401153867
2003-12-01,cutting,XLV,5.419574451246789
2003-12-01,cutting,XLY,3.722027873531486
2004-01-01,neutral,XLE,2.709648689725941
2004-01-01,neutral,XLF,3.8864711067392532
2004-01-01,neutral,XLI,1.5052380801090504
2004-01-01,neutral,XLK,5.0054728799716175
2004-01-01,neutral,XLP,0.4236664522564215
2004-01-01,neutral,XLU,3.0111044014285326
2004-01-01,neutral,XLV,3.110832373242456
2004-01-01,neutral,XLY,-0.30015010288656496
2004-02-01,hiking,XLE,5.253807390472676
2004-02-01,hiking,XLF,2.857162717527051
2004-02-01,hiking,XLI,-0.7399415700203082
2004-02-01,hiking,XLK,-2.5411409553625863
2004-02-01,hiking,XLP,5.693332086960767
2004-02-01,hiking,XLU,1.889970732085522
2004-02-01,hiking,XLV,1.0652077260350001
2004-02-01,hiking,XLY,2.1718208584813103
2004-03-01,neutral,XLE,-1.04548824255557
2004-03-01,neutral,XLF,-1.6064244197940947
2004-03-01,neutral,XLI,-1.56540679702184
2004-03-01,neutral,XLK,-2.655720559642105
2004-03-01,neutral,XLP,-0.6082293438260056
2004-03-01,neutral,XLU,0.24733531580358736
2004-03-01,neutral,XLV,-4.407524114841566
2004-03-01,neutral,XLY,-0.7501932105285491
2004-04-01,neutral,XLE,2.136198602943362
2004-04-01,neutral,XLF,-3.9211090213193356
2004-04-01,neutral,XLI,0.30968301374187934
2004-04-01,neutral,XLK,-3.8194336895846503
2004-04-01,neutral,XLP,1.6785366938827595
2004-04-01,neutral,XLU,-3.4944735235670765
2004-04-01,neutral,XLV,3.3645655956008547
2004-04-01,neutral,XLY,-1.001307534219531
2004-05-01,neutral,XLE,-0.30152755532316666
2004-05-01,neutral,XLF,1.706951047594929
2004-05-01,neutral,XLI,2.4620940562845917
2004-05-01,neutral,XLK,3.9195549144427355
2004-05-01,neutral,XLP,-0.5608618174943403
2004-05-01,neutral,XLU,1.202787656810056
2004-05-01,neutral,XLV,-0.3240644526402159
2004-05-01,neutral,XLY,0.6371697138866317
2004-06-01,neutral,XLE,5.815064008302029
2004-06-01,neutral,XLF,-0.06998041928443222
2004-06-01,neutral,XLI,5.951919805927819
2004-06-01,neutral,XLK,2.72952661356316
2004-06-01,neutral,XLP,0.17350034286938154
2004-06-01,neutral,XLU,0.8488529789818289
2004-06-01,neutral,XLV,-0.6501823063356116
2004-06-01,neutral,XLY,0.12658131902283376
2004-07-01,hiking,XLE,3.491842055137173
2004-07-01,hiking,XLF,-1.6327112616166928
2004-07-01,hiking,XLI,-2.588958356861426
2004-07-01,hiking,XLK,-6.086910990206052
2004-07-01,hiking,XLP,-4.58117716933637
2004-07-01,hiking,XLU,2.403876041078523
2004-07-01,hiking,XLV,-5.102904213449023
2004-07-01,hiking,XLY,-3.66718742902995
2004-08-01,hiking,XLE,-1.5408428195116675
2004-08-01,hiking,XLF,3.253546360918147
2004-08-01,hiking,XLI,0.07176473082537438
2004-08-01,hiking,XLK,-4.4238932856721425
2004-08-01,hiking,XLP,1.7767946730326223
2004-08-01,hiking,XLU,4.063030368707876
2004-08-01,hiking,XLV,1.6251723975972965
2004-08-01,hiking,XLY,-0.19712914414666827
2004-09-01,hiking,XLE,9.32707558867465
2004-09-01,hiking,XLF,-1.4543527430232017
2004-09-01,hiking,XLI,1.7934103993433759
2004-09-01,hiking,XLK,2.90635584878558
2004-09-01,hiking,XLP,-3.0439208423722275
2004-09-01,hiking,XLU,-0.19915374323461466
2004-09-01,hiking,XLV,-2.041497567868189
2004-09-01,hiking,XLY,2.732935403769998
2004-10-01,hiking,XLE,1.002274465125752
2004-10-01,hiking,XLF,1.0717290785209999
2004-10-01,hiking,XLI,1.3754820644363397
2004-10-01,hiking,XLK,4.393280234527075
2004-10-01,hiking,XLP,1.0721040274806803
2004-10-01,hiking,XLU,5.746574136978477
2004-10-01,hiking,XLV,-1.930603520728591
2004-10-01,hiking,XLY,4.19109619893272
2004-11-01,hiking,XLE,6.74447864257719
2004-11-01,hiking,XLF,3.1108211179728285
2004-11-01,hiking,XLI,6.278329870153798
2004-11-01,hiking,XLK,5.110235050388479
2004-11-01,hiking,XLP,2.4770374398755735
2004-11-01,hiking,XLU,4.453789062381031
2004-11-01,hiking,XLV,1.953787415097663
2004-11-01,hiking,XLY,4.189752419784876
2004-12-01,hiking,XLE,-3.1724463543802317
2004-12-01,hiking,XLF,3.4915650359594874
2004-12-01,hiking,XLI,1.9691784855885741
2004-12-01,hiking,XLK,0.619622591972302
2004-12-01,hiking,XLP,3.3124813453712765
2004-12-01,hiking,XLU,1.4941374374356942
2004-12-01,hiking,XLV,5.191680458128056
2004-12-01,hiking,XLY,4.346595016715926
2005-01-01,hiking,XLE,3.7621468600150143
2005-01-01,hiking,XLF,-1.5541364663335777
2005-01-01,hiking,XLI,-2.3102686595743105
2005-01-01,hiking,XLK,-3.764402781947085
2005-01-01,hiking,XLP,1.5876036837334517
2005-01-01,hiking,XLU,3.093262687312359
2005-01-01,hiking,XLV,-2.8163214047382645
2005-01-01,hiking,XLY,-3.9808196002405927
2005-02-01,hiking,XLE,16.777615752765797
2005-02-01,hiking,XLF,-0.6695312529143349
2005-02-01,hiking,XLI,1.1589064105525848
2005-02-01,hiking,XLK,0.15060582500374675
2005-02-01,hiking,XLP,-0.12843977734361411
2005-02-01,hiking,XLU,2.144819257367714
2005-02-01,hiking,XLV,3.008575266426039
2005-02-01,hiking,XLY,-0.5328762383265406
2005-03-01,hiking,XLE,-2.234901549091084
2005-03-01,hiking,XLF,-4.314091181529278
2005-03-01,hiking,XLI,-0.392783562902832
2005-03-01,hiking,XLK,-1.9549002943834548
2005-03-01,hiking,XLP,-1.2865041577131753
2005-03-01,hiking,XLU,0.34424858790969015
2005-03-01,hiking,XLV,-0.896103351856492
2005-03-01,hiking,XLY,-1.3094696044448906
2005-04-01,hiking,XLE,-5.096763375176494
2005-04-01,hiking,XLF,0.7094097684139378
2005-04-01,hiking,XLI,-3.3102068372298787
2005-04-01,hiking,XLK,-3.527592275722846
2005-04-01,hiking,XLP,-0.6313298026162539
2005-04-01,hiking,XLU,3.869963548219757
2005-04-01,hiking,XLV,3.8358780582279817
2005-04-01,hiking,XLY,-6.229379754685915
2005-05-01,hiking,XLE,2.7867126877815673
2005-05-01,hiking,XLF,2.95359230624177
2005-05-01,hiking,XLI,3.171989841569456
2005-05-01,hiking,XLK,6.9422329149453565
2005-05-01,hiking,XLP,2.3265468295265324
2005-05-01,hiking,XLU,-0.06655966430686444
2005-05-01,hiking,XLV,1.2621487335805481
2005-05-01,hiking,XLY,6.183572698818307
2005-06-01,hiking,XLE,6.645851475660169
2005-06-01,hiking,XLF,0.6489390884740764
2005-06-01,hiking,XLI,-2.8760776067941363
2005-06-01,hiking,XLK,-1.2884068238452784
2005-06-01,hiking,XLP,-2.402350316530011
2005-06-01,hiking,XLU,5.094871734598638
2005-06-01,hiking,XLV,-0.83093602583868
2005-06-01,hiking,XLY,-0.5763252017573772
2005-07-01,hiking,XLE,7.4213257215489215
2005-07-01,hiking,XLF,2.1638228187554676
2005-07-01,hiking,XLI,4.070614922700422
2005-07-01,hiking,XLK,5.6726611412669214
2005-07-01,hiking,XLP,3.706186943153278
2005-07-01,hiking,XLU,3.0849762349549614
2005-07-01,hiking,XLV,2.5674678213982505
2005-07-01,hiking,XLY,5.828580458167409
2005-08-01,hiking,XLE,6.386583116753508
2005-08-01,hiking,XLF,-1.6371206882649592
2005-08-01,hiking,XLI,-2.3606333669118573
2005-08-01,hiking,XLK,-0.9500499270161056
2005-08-01,hiking,XLP,-1.7461321920797856
2005-08-01,hiking,XLU,0.6507463577816619
2005-08-01,hiking,XLV,-0.34667736078476397
2005-08-01,hiking,XLY,-3.29100362938195
2005-09-01,hiking,XLE,5.983405773009043
2005-09-01,hiking,XLF,0.27176478513672997
2005-09-01,hiking,XLI,1.2760255670475118
2005-09-01,hiking,XLK,0.23981150283467478
2005-09-01,hiking,XLP,0.9102034409151027
2005-09-01,hiking,XLU,3.4483102344900374
2005-09-01,hiking,XLV,-0.853894041428771
2005-09-01,hiking,XLY,-3.014924692382981
2005-10-01,hiking,XLE,-8.776637589445125
2005-10-01,hiking,XLF,3.649065373722582
2005-10-01,hiking,XLI,-1.036752619540915
2005-10-01,hiking,XLK,-2.296677954313908
2005-10-01,hiking,XLP,0.02485714370334957
2005-10-01,hiking,XLU,-5.693063387329033
2005-10-01,hiking,XLV,-2.7691670186231643
2005-10-01,hiking,XLY,-1.8568303141682008
2005-11-01,hiking,XLE,1.4952741921774537
2005-11-01,hiking,XLF,4.766544049957089
2005-11-01,hiking,XLI,5.819058510085151
2005-11-01,hiking,XLK,6.317301402166753
2005-11-01,hiking,XLP,0.9063376591404992
2005-11-01,hiking,XLU,-0.15902238777445454
2005-11-01,hiking,XLV,1.2175634157449045
2005-11-01,hiking,XLY,3.989937848544023
2005-12-01,hiking,XLE,1.5337980484140479
2005-12-01,hiking,XLF,-0.6275636835770704
2005-12-01,hiking,XLI,-0.12715608782922772
2005-12-01,hiking,XLK,-3.7309414243618
2005-12-01,hiking,XLP,-0.3849405569813391
2005-12-01,hiking,XLU,-0.03182924188146474
2005-12-01,hiking,XLV,3.1208867693021114
2005-12-01,hiking,XLY,-1.359499485036364
2006-01-01,hiking,XLE,14.909394361951422
2006-01-01,hiking,XLF,1.5419187148985047
2006-01-01,hiking,XLI,0.8890651842491382
2006-01-01,hiking,XLK,4.057288928241176
2006-01-01,hiking,XLP,0.6763631028203099
2006-01-01,hiking,XLU,3.3341000766537787
2006-01-01,hiking,XLV,1.625690891957432
2006-01-01,hiking,XLY,2.296116134977999
2006-02-01,hiking,XLE,-9.226533263320935
2006-02-01,hiking,XLF,2.128266735878226
2006-02-01,hiking,XLI,3.1101133854512852
2006-02-01,hiking,XLK,0.2314890317093088
2006-02-01,hiking,XLP,0.8572598143377963
2006-02-01,hiking,XLU,1.3063530276753665
2006-02-01,hiking,XLV,1.1515380155189048
2006-02-01,hiking,XLY,0.7222537171205134
2006-03-01,hiking,XLE,3.935872659495332
2006-03-01,hiking,XLF,-0.24515070178087184
2006-03-01,hiking,XLI,4.032009950404647
2006-03-01,hiking,XLK,2.263277736964331
2006-03-01,hiking,XLP,0.29752347658054124
2006-03-01,hiking,XLU,-5.342362363992237
2006-03-01,hiking,XLV,-1.599980604685458
2006-03-01,hiking,XLY,0.5676556451313042
2006-04-01,hiking,XLE,5.347935921636782
2006-04-01,hiking,XLF,4.891377855013279
2006-04-01,hiking,XLI,2.5436156422840694
2006-04-01,hiking,XLK,-1.3098377173237252
2006-04-01,hiking,XLP,1.5052215175598516
2006-04-01,hiking,XLU,2.352214139086972
2006-04-01,hiking,XLV,-2.778050130946075
2006-04-01,hiking,XLY,1.2983420477197027
2006-05-01,hiking,XLE,-2.7826473052505185
2006-05-01,hiking,XLF,-3.7691611785786727
2006-05-01,hiking,XLI,-1.7086430810205333
2006-05-01,hiking,XLK,-6.498859814420599
2006-05-01,hiking,XLP,0.20985600666092452
2006-05-01,hiking,XLU,1.628362536990613
2006-05-01,hiking,XLV,-2.0974548009612515
2006-05-01,hiking,XLY,-1.6720468460885596
2006-06-01,hiking,XLE,2.1602326932135707
2006-06-01,hiking,XLF,-1.0404179067668329
2006-06-01,hiking,XLI,-0.3830736150402747
2006-06-01,hiking,XLK,-0.489474024601777
2006-06-01,hiking,XLP,1.298144188066619
2006-06-01,hiking,XLU,1.4451778325575315
2006-06-01,hiking,XLV,-0.32958557798261623
2006-06-01,hiking,XLY,-0.3878578620095219
2006-07-01,hiking,XLE,3.7304122398837514
2006-07-01,hiking,XLF,2.8855153457197913
2006-07-01,hiking,XLI,-5.437732273861407
2006-07-01,hiking,XLK,-2.6069758248722597
2006-07-01,hiking,XLP,2.114668922006979
2006-07-01,hiking,XLU,5.677635370549083
2006-07-01,hiking,XLV,5.842021653508844
2006-07-01,hiking,XLY,-3.1177604197569653
2006-08-01,hiking,XLE,-5.080983040567332
2006-08-01,hiking,XLF,1.1789913724505663
2006-08-01,hiking,XLI,1.1288482327432847
2006-08-01,hiking,XLK,7.020178516305209
2006-08-01,hiking,XLP,3.8665053476469424
2006-08-01,hiking,XLU,2.7482076845743553
2006-08-01,hiking,XLV,2.8535846906646123
2006-08-01,hiking,XLY,1.982641527647555
2006-09-01,neutral,XLE,-3.987847064564365
2006-09-01,neutral,XLF,3.435919064395221
2006-09-01,neutral,XLI,3.379863428239549
2006-09-01,neutral,XLK,3.8225961665777852
2006-09-01,neutral,XLP,-0.5485996929349035
2006-09-01,neutral,XLU,-2.24329333994826
2006-09-01,neutral,XLV,1.189025416486511
2006-09-01,neutral,XLY,6.166464928608839
2006-10-01,neutral,XLE,4.622843627014039
2006-10-01,neutral,XLF,2.9227939277752357
2006-10-01,neutral,XLI,3.255191637397048
2006-10-01,neutral,XLK,4.165830954291949
2006-10-01,neutral,XLP,2.2829266784316182
2006-10-01,neutral,XLU,6.145305655092037
2006-10-01,neutral,XLV,0.6740648959339346
2006-10-01,neutral,XLY,6.67117781384734
2006-11-01,neutral,XLE,8.577099195365756
2006-11-01,neutral,XLF,0.7056367045668699
2006-11-01,neutral,XLI,2.450403126150258
2006-11-01,neutral,XLK,2.84219502315719
2006-11-01,neutral,XLP,-0.8517313027112783
2006-11-01,neutral,XLU,2.6543701147389243
2006-11-01,neutral,XLV,-0.12013193580677761
2006-11-01,neutral,XLY,1.2631015234596976
2006-12-01,neutral,XLE,-3.1069705668050673
2006-12-01,neutral,XLF,2.9708651802375474
2006-12-01,neutral,XLI,-0.3132504215293985
2006-12-01,neutral,XLK,-1.105475499002706
2006-12-01,neutral,XLP,1.9913410392402353
2006-12-01,neutral,XLU,-0.05443889086623743
2006-12-01,neutral,XLV,0.6915151762368232
2006-12-01,neutral,XLY,1.8046799023832216
2007-01-01,neutral,XLE,-0.624861261776255
2007-01-01,neutral,XLF,1.7021961903210148
2007-01-01,neutral,XLI,2.9104226680089162
2007-01-01,neutral,XLK,2.6053458362385262
2007-01-01,neutral,XLP,2.546754965264597
2007-01-01,neutral,XLU,0.5515118541018271
2007-01-01,neutral,XLV,3.407729802681536
2007-01-01,neutral,XLY,3.2352042457279406
2007-02-01,hiking,XLE,-2.048538677093581
2007-02-01,hiking,XLF,-3.047468306774914
2007-02-01,hiking,XLI,-1.119160878777825
2007-02-01,hiking,XLK,-2.6970151637393247
2007-02-01,hiking,XLP,-1.5384443516345603
2007-02-01,hiking,XLU,5.3019925207533625
2007-02-01,hiking,XLV,-2.3181460322493574
2007-02-01,hiking,XLY,-2.9903748109552986
2007-03-01,neutral,XLE,5.9402065840945095
2007-03-01,neutral,XLF,-0.8900869751822471
2007-03-01,neutral,XLI,0.594177992859235
2007-03-01,neutral,XLK,0.9961379575857521
2007-03-01,neutral,XLP,1.5624822718917741
2007-03-01,neutral,XLU,3.0366003737229974
2007-03-01,neutral,XLV,-0.17804221302555323
2007-03-01,neutral,XLY,-0.6530646483149716
2007-04-01,neutral,XLE,5.4709381009481195
2007-04-01,neutral,XLF,4.310444953126402
2007-04-01,neutral,XLI,4.8677735125296495
2007-04-01,neutral,XLK,4.716963071749158
2007-04-01,neutral,XLP,3.3244226681729883
2007-04-01,neutral,XLU,5.478139817474514
2007-04-01,neutral,XLV,7.71178225555984
2007-04-01,neutral,XLY,2.552394626491772
2007-05-01,neutral,XLE,7.779712653804083
2007-05-01,neutral,XLF,2.404771881493084
2007-05-01,neutral,XLI,5.188176268122691
2007-05-01,neutral,XLK,5.036884653091445
2007-05-01,neutral,XLP,1.3503206249729782
2007-05-01,neutral,XLU,0.45620128897614354
2007-05-01,neutral,XLV,1.7169960070321455
2007-05-01,neutral,XLY,3.005371989753902
2007-06-01,neutral,XLE,1.0102242526828453
2007-06-01,neutral,XLF,-4.538256656263684
2007-06-01,neutral,XLI,-0.2299886571680454
2007-06-01,neutral,XLK,-0.194964042536927
2007-06-01,neutral,XLP,-2.5926996312768735
2007-06-01,neutral,XLU,-5.401535856090877
2007-06-01,neutral,XLV,-3.8660484049920174
2007-06-01,neutral,XLY,-1.9201248628187728
2007-07-01,neutral,XLE,0.30496014424081785
2007-07-01,neutral,XLF,-8.568690703751214
2007-07-01,neutral,XLI,1.2077600549966316
2007-07-01,neutral,XLK,-0.12523459928232006
2007-07-01,neutral,XLP,-2.248061806662782
2007-07-01,neutral,XLU,-3.327856049133182
2007-07-01,neutral,XLV,-4.244342524844624
2007-07-01,neutral,XLY,-5.758136454149032
2007-08-01,neutral,XLE,1.2029343185408603
2007-08-01,neutral,XLF,2.583598991727021
2007-08-01,neutral,XLI,0.025406681155559774
2007-08-01,neutral,XLK,1.917801227494853
2007-08-01,neutral,XLP,2.359195761261512
2007-08-01,neutral,XLU,1.578972667316858
2007-08-01,neutral,XLV,2.2895681774873777
2007-08-01,neutral,XLY,0.6216469369255462
2007-09-01,cutting,XLE,7.117265034789977
2007-09-01,cutting,XLF,1.6889154550064234
2007-09-01,cutting,XLI,4.211051154804468
2007-09-01,cutting,XLK,3.5714238647674534
2007-09-01,cutting,XLP,4.014859243865687
2007-09-01,cutting,XLU,3.1087908121024244
2007-09-01,cutting,XLV,2.7616869749247153
2007-09-01,cutting,XLY,-1.0743715699657708
2007-10-01,cutting,XLE,2.809865003654055
2007-10-01,cutting,XLF,-0.9919516686894725
2007-10-01,cutting,XLI,-0.7912635622494446
2007-10-01,cutting,XLK,5.512657276983357
2007-10-01,cutting,XLP,2.102438726280509
2007-10-01,cutting,XLU,7.41077999664177
2007-10-01,cutting,XLV,2.222188899932487
2007-10-01,cutting,XLY,-0.2928759617933152
2007-11-01,cutting,XLE,-4.211206511473731
2007-11-01,cutting,XLF,-8.093700237998913
2007-11-01,cutting,XLI,-2.835915480426554
2007-11-01,cutting,XLK,-7.53519994218369
2007-11-01,cutting,XLP,2.7455175561008183
2007-11-01,cutting,XLU,0.6595483288259318
2007-11-01,cutting,XLV,1.277433963156449
2007-11-01,cutting,XLY,-5.457049973966788
2007-12-01,cutting,XLE,8.003289335822505
2007-12-01,cutting,XLF,-6.677397563428789
2007-12-01,cutting,XLI,-0.6091364642573094
2007-12-01,cutting,XLK,1.52321423281363
2007-12-01,cutting,XLP,-1.3360604690308642
2007-12-01,cutting,XLU,-0.9361308155618198
2007-12-01,cutting,XLV,-3.180743933046015
2007-12-01,cutting,XLY,-5.627696728359421
2008-01-01,cutting,XLE,-12.061525847679476
2008-01-01,cutting,XLF,1.643525665114609
2008-01-01,cutting,XLI,-5.063667325321852
2008-01-01,cutting,XLK,-12.388591064308274
2008-01-01,cutting,XLP,-5.0710050530636375
2008-01-01,cutting,XLU,-6.640995886095801
2008-01-01,cutting,XLV,-4.211552471027725
2008-01-01,cutting,XLY,0.34525196124632895
2008-02-01,cutting,XLE,9.267213078030668
2008-02-01,cutting,XLF,-11.358958741404024
2008-02-01,cutting,XLI,-2.0270070083655
2008-02-01,cutting,XLK,-4.731155271530163
2008-02-01,cutting,XLP,-0.257358360979576
2008-02-01,cutting,XLU,-4.105043686178378
2008-02-01,cutting,XLV,-2.6706348349187503
2008-02-01,cutting,XLY,-3.8673962574494514
2008-03-01,cutting,XLE,-2.616675210384445
2008-03-01,cutting,XLF,-3.7166182065935693
2008-03-01,cutting,XLI,3.1723512987999136
2008-03-01,cutting,XLK,1.1286602798959544
2008-03-01,cutting,XLP,2.6907115494883893
2008-03-01,cutting,XLU,0.8773920256537115
2008-03-01,cutting,XLV,-4.969499151909318
2008-03-01,cutting,XLY,-1.9157022496743448
2008-04-01,cutting,XLE,10.701306945901878
2008-04-01,cutting,XLF,7.859254210958189
2008-04-01,cutting,XLI,3.3984332781689774
2008-04-01,cutting,XLK,6.278771547202355
2008-04-01,cutting,XLP,-0.22308028832691562
2008-04-01,cutting,XLU,5.8718024788464
2008-04-01,cutting,XLV,1.44662977391814
2008-04-01,cutting,XLY,2.511170961740694
2008-05-01,cutting,XLE,5.198770015265386
2008-05-01,cutting,XLF,-6.952238593529625
2008-05-01,cutting,XLI,0.8831583860866798
2008-05-01,cutting,XLK,6.512619719041712
2008-05-01,cutting,XLP,3.03800978332065
2008-05-01,cutting,XLU,3.58575779080037
2008-05-01,cutting,XLV,1.9060075786182518
2008-05-01,cutting,XLY,2.734531779792748
2008-06-01,neutral,XLE,2.883761339751323
2008-06-01,neutral,XLF,-18.174513086756583
2008-06-01,neutral,XLI,-12.435673332157304
2008-06-01,neutral,XLK,-9.625294174928278
2008-06-01,neutral,XLP,-6.107452057661444
2008-06-01,neutral,XLU,-1.4766142440738261
2008-06-01,neutral,XLV,-4.675810691655813
2008-06-01,neutral,XLY,-11.853956934192523
2008-07-01,hiking,XLE,-15.691134511916571
2008-07-01,hiking,XLF,7.708157679351713
2008-07-01,hiking,XLI,1.2659949411163662
2008-07-01,hiking,XLK,-2.165919399732519
2008-07-01,hiking,XLP,2.8749459840518243
2008-07-01,hiking,XLU,-5.743770740831023
2008-07-01,hiking,XLV,4.9676263426794875
2008-07-01,hiking,XLY,0.5387792136450242
2008-08-01,neutral,XLE,0.33601359685013765
2008-08-01,neutral,XLF,-0.9708642854910576
2008-08-01,neutral,XLI,2.7421523048727137
2008-08-01,neutral,XLK,1.7897103142868076
2008-08-01,neutral,XLP,2.7007499098804066
2008-08-01,neutral,XLU,-1.1029822411121715
2008-08-01,neutral,XLV,2.0657440103923896
2008-08-01,neutral,XLY,6.905017435010019
2008-09-01,cutting,XLE,-15.204297099350505
2008-09-01,cutting,XLF,-7.142870822098423
2008-09-01,cutting,XLI,-12.549707356179773
2008-09-01,cutting,XLK,-12.74726874118488
2008-09-01,cutting,XLP,-1.9190016327309323
2008-09-01,cutting,XLU,-11.763136786027783
2008-09-01,cutting,XLV,-7.85036853678146
2008-09-01,cutting,XLY,-8.524561111460361
2008-10-01,cutting,XLE,-18.53754664023979
2008-10-01,cutting,XLF,-21.1720554801218
2008-10-01,cutting,XLI,-17.799943499521987
2008-10-01,cutting,XLK,-15.833200033459494
2008-10-01,cutting,XLP,-12.013706913928646
2008-10-01,cutting,XLU,-12.230608923850749
2008-10-01,cutting,XLV,-11.078102961537617
2008-10-01,cutting,XLY,-17.344153445114017
2008-11-01,cutting,XLE,-2.178954033111513
2008-11-01,cutting,XLF,-18.4803257325445
2008-11-01,cutting,XLI,-8.220823950897248
2008-11-01,cutting,XLK,-8.408420189402976
2008-11-01,cutting,XLP,-0.20732913643355388
2008-11-01,cutting,XLU,4.185392184559689
2008-11-01,cutting,XLV,-6.315794073308034
2008-11-01,cutting,XLY,-10.835522716821632
2008-12-01,cutting,XLE,-4.992037580447317
2008-12-01,cutting,XLF,-1.105884110970845
2008-12-01,cutting,XLI,1.3414334941339812
2008-12-01,cutting,XLK,1.0492070882573978
2008-12-01,cutting,XLP,-0.8309058392025004
2008-12-01,cutting,XLU,-3.6188735561305196
2008-12-01,cutting,XLV,6.540933657714665
2008-12-01,cutting,XLY,5.270870262002725
2009-01-01,cutting,XLE,-1.269809548440648
2009-01-01,cutting,XLF,-25.096190587274215
2009-01-01,cutting,XLI,-11.143232827864146
2009-01-01,cutting,XLK,-4.227485196364378
2009-01-01,cutting,XLP,-6.413265523278766
2009-01-01,cutting,XLU,1.0891899725823162
2009-01-01,cutting,XLV,-0.6033485660572713
2009-01-01,cutting,XLY,-9.93736475689888
2009-02-01,neutral,XLE,-12.34016021728056
2009-02-01,neutral,XLF,-17.74890664522273
2009-02-01,neutral,XLI,-17.030589568692157
2009-02-01,neutral,XLK,-3.8147315614518784
2009-02-01,neutral,XLP,-8.08125561975256
2009-02-01,neutral,XLU,-12.52587419991974
2009-02-01,neutral,XLV,-12.390381903638747
2009-02-01,neutral,XLY,-9.07677753191627
2009-03-01,neutral,XLE,3.233646820567815
2009-03-01,neutral,XLF,15.92103217095473
2009-03-01,neutral,XLI,7.777762596199023
2009-03-01,neutral,XLK,10.623227349591268
2009-03-01,neutral,XLP,3.634586832567721
2009-03-01,neutral,XLU,0.7889614042829285
2009-03-01,neutral,XLV,5.352490160350265
2009-03-01,neutral,XLY,12.093564111375187
2009-04-01,cutting,XLE,8.373255275897096
2009-04-01,cutting,XLF,23.015057446851237
2009-04-01,cutting,XLI,19.207186934784136
2009-04-01,cutting,XLK,10.992077292899838
2009-04-01,cutting,XLP,4.882930697426979
2009-04-01,cutting,XLU,2.291759485388112
2009-04-01,cutting,XLV,0.4954437015893598
2009-04-01,cutting,XLY,19.16290351068057
2009-05-01,neutral,XLE,12.88778161897537
2009-05-01,neutral,XLF,13.979510033723908
2009-05-01,neutral,XLI,3.354748282999287
2009-05-01,neutral,XLK,2.3188586839221426
2009-05-01,neutral,XLP,5.090909215740669
2009-05-01,neutral,XLU,3.559006734085357
2009-05-01,neutral,XLV,6.82380460857579
2009-05-01,neutral,XLY,-0.7299225055748759
2009-06-01,hiking,XLE,-7.024036013160073
2009-06-01,hiking,XLF,-2.289492276878602
2009-06-01,hiking,XLI,-2.356552225553088
2009-06-01,hiking,XLK,3.1728029685293757
2009-06-01,hiking,XLP,-0.562228976763246
2009-06-01,hiking,XLU,4.183785528966721
2009-06-01,hiking,XLV,1.8583230207311008
2009-06-01,hiking,XLY,-0.17301889142640192
2009-07-01,neutral,XLE,5.886894704005474
2009-07-01,neutral,XLF,9.431692653625824
2009-07-01,neutral,XLI,9.469643377516102
2009-07-01,neutral,XLK,8.671881712756813
2009-07-01,neutral,XLP,7.4714413446008265
2009-07-01,neutral,XLU,4.947928050530215
2009-07-01,neutral,XLV,6.461585637390832
2009-07-01,neutral,XLY,9.956391782437834
2009-08-01,neutral,XLE,1.0865489270684314
2009-08-01,neutral,XLF,12.990039016715492
2009-08-01,neutral,XLI,4.773870473616371
2009-08-01,neutral,XLK,1.6243703095349948
2009-08-01,neutral,XLP,1.2234598378049188
2009-08-01,neutral,XLU,1.0020892521052538
2009-08-01,neutral,XLV,2.6910917245925647
2009-08-01,neutral,XLY,3.5219928075937545
2009-09-01,neutral,XLE,5.374253543845842
2009-09-01,neutral,XLF,1.6326616891106704
2009-09-01,neutral,XLI,5.275806391832116
2009-09-01,neutral,XLK,4.245788612535439
2009-09-01,neutral,XLP,2.578567166886936
2009-09-01,neutral,XLU,0.3420629519025997
2009-09-01,neutral,XLV,0.17466798800858108
2009-09-01,neutral,XLY,5.007672272086006
2009-10-01,cutting,XLE,2.9218654036886837
2009-10-01,cutting,XLF,-5.665621168860069
2009-10-01,cutting,XLI,-3.4774452308475534
2009-10-01,cutting,XLK,-0.8795745936153176
2009-10-01,cutting,XLP,2.17763017908843
2009-10-01,cutting,XLU,-2.2056623922307894
2009-10-01,cutting,XLV,-1.6622658886916497
2009-10-01,cutting,XLY,-2.049007623827337
2009-11-01,neutral,XLE,2.8415758403520064
2009-11-01,neutral,XLF,4.341578128126722
2009-11-01,neutral,XLI,8.778219359929661
2009-11-01,neutral,XLK,5.531283143805732
2009-11-01,neutral,XLP,3.6778709580020497
2009-11-01,neutral,XLU,4.825651973512679
2009-11-01,neutral,XLV,9.298223434129715
2009-11-01,neutral,XLY,6.711444135230993
2009-12-01,neutral,XLE,0.33436235573447437
2009-12-01,neutral,XLF,-1.7735569691181508
2009-12-01,neutral,XLI,1.0177919485680587
2009-12-01,neutral,XLK,5.425261900818401
2009-12-01,neutral,XLP,-1.1575427742722688
2009-12-01,neutral,XLU,4.2338671949294415
2009-12-01,neutral,XLV,1.2711527531111377
2009-12-01,neutral,XLY,4.0181373387235375
2010-01-01,neutral,XLE,-3.8823993588219086
2010-01-01,neutral,XLF,-1.1622064877440996
2010-01-01,neutral,XLI,-0.8352010651915598
2010-01-01,neutral,XLK,-8.26315073257029
2010-01-01,neutral,XLP,-0.08257675460422442
2010-01-01,neutral,XLU,-3.6731379948062415
2010-01-01,neutral,XLV,1.2319956694668788
2010-01-01,neutral,XLY,-2.358070820630176
2010-02-01,neutral,XLE,3.009163245944002
2010-02-01,neutral,XLF,3.5261040591583193
2010-02-01,neutral,XLI,5.332315870673088
2010-02-01,neutral,XLK,3.482841490376276
2010-02-01,neutral,XLP,3.1678932671843185
2010-02-01,neutral,XLU,-1.3206961933379446
2010-02-01,neutral,XLV,0.38361608304160466
2010-02-01,neutral,XLY,5.5689750059999765
2010-03-01,hiking,XLE,2.458140054220359
2010-03-01,hiking,XLF,8.651228251710275
2010-03-01,hiking,XLI,8.321773623523221
2010-03-01,hiking,XLK,6.500723385027363
2010-03-01,hiking,XLP,3.329705250349191
2010-03-01,hiking,XLU,1.7844731354914822
2010-03-01,hiking,XLV,2.324842469959587
2010-03-01,hiking,XLY,7.601587512055175
2010-04-01,hiking,XLE,4.519774521722586
2010-04-01,hiking,XLF,1.5474932536401642
2010-04-01,hiking,XLI,4.614660684818506
2010-04-01,hiking,XLK,1.5777683699183198
2010-04-01,hiking,XLP,-0.6550585097268469
2010-04-01,hiking,XLU,3.5434090978100574
2010-04-01,hiking,XLV,-3.5687056778163084
2010-04-01,hiking,XLY,6.2314835780035605
2010-05-01,neutral,XLE,-11.45054028668705
2010-05-01,neutral,XLF,-9.15839934567526
2010-05-01,neutral,XLI,-9.118817348276064
2010-05-01,neutral,XLK,-7.4818235731710425
2010-05-01,neutral,XLP,-4.632648602048883
2010-05-01,neutral,XLU,-5.519005907499109
2010-05-01,neutral,XLV,-6.509073287355093
2010-05-01,neutral,XLY,-7.036146000777399
2010-06-01,neutral,XLE,-6.352463592124913
2010-06-01,neutral,XLF,-5.926426680786867
2010-06-01,neutral,XLI,-7.331117535175757
2010-06-01,neutral,XLK,-5.73010483056835
2010-06-01,neutral,XLP,-3.225788477968927
2010-06-01,neutral,XLU,-1.738527664769507
2010-06-01,neutral,XLV,-2.320738872271977
2010-06-01,neutral,XLY,-10.00927060380048
2010-07-01,neutral,XLE,8.867715844861369
2010-07-01,neutral,XLF,6.740925340050752
2010-07-01,neutral,XLI,10.969767300945744
2010-07-01,neutral,XLK,7.831100814103631
2010-07-01,neutral,XLP,6.563107422180869
2010-07-01,neutral,XLU,8.599891246056268
2010-07-01,neutral,XLV,1.8269858726537302
2010-07-01,neutral,XLY,8.277853840602777
2010-08-01,neutral,XLE,-4.903409539721714
2010-08-01,neutral,XLF,-7.8178311461379995
2010-08-01,neutral,XLI,-6.932983375273471
2010-08-01,neutral,XLK,-5.61132971263868
2010-08-01,neutral,XLP,-1.853224202296988
2010-08-01,neutral,XLU,1.4488143273518217
2010-08-01,neutral,XLV,-1.645117058536949
2010-08-01,neutral,XLY,-3.9758170338464405
2010-09-01,neutral,XLE,9.492193967251271
2010-09-01,neutral,XLF,5.825975778301928
2010-09-01,neutral,XLI,10.961319108522227
2010-09-01,neutral,XLK,11.261474797052218
2010-09-01,neutral,XLP,5.286999068007914
2010-09-01,neutral,XLU,1.8500055695233053
2010-09-01,neutral,XLV,8.505357773786159
2010-09-01,neutral,XLY,10.66577086595335
2010-10-01,neutral,XLE,6.158322951031292
2010-10-01,neutral,XLF,1.691361982051376
2010-10-01,neutral,XLI,3.4015184540507892
2010-10-01,neutral,XLK,6.1599538421310385
2010-10-01,neutral,XLP,3.9282029284640307
2010-10-01,neutral,XLU,2.1204302456413693
2010-10-01,neutral,XLV,2.7559883919658024
2010-10-01,neutral,XLY,5.876523682250978
2010-11-01,neutral,XLE,5.857507452898081
2010-11-01,neutral,XLF,-0.6867811936195567
2010-11-01,neutral,XLI,1.3362380000829566
2010-11-01,neutral,XLK,-1.642726370065517
2010-11-01,neutral,XLP,-1.5641723080848546
2010-11-01,neutral,XLU,-3.026444508105519
2010-11-01,neutral,XLV,-2.8874017004718255
2010-11-01,neutral,XLY,2.524089480621172
2010-12-01,neutral,XLE,8.834315316014752
2010-12-01,neutral,XLF,10.304290853515807
2010-12-01,neutral,XLI,6.93038664607688
2010-12-01,neutral,XLK,5.1774717018511
2010-12-01,neutral,XLP,3.495786761055353
2010-12-01,neutral,XLU,1.8855422041908154
2010-12-01,neutral,XLV,4.063430761674636
2010-12-01,neutral,XLY,3.4854769985044554
2011-01-01,cutting,XLE,7.656290221307582
2011-01-01,cutting,XLF,3.194120215540064
2011-01-01,cutting,XLI,4.459864419864479
2011-01-01,cutting,XLK,3.546851750360136
2011-01-01,cutting,XLP,-0.6065725657468435
2011-01-01,cutting,XLU,2.42417892230562
2011-01-01,cutting,XLV,1.0931306363933357
2011-01-01,cutting,XLY,-0.028609082246755513
2011-02-01,cutting,XLE,7.3684297824401
2011-02-01,cutting,XLF,2.743902957915201
2011-02-01,cutting,XLI,2.1247329808837367
2011-02-01,cutting,XLK,2.193114534552043
2011-02-01,cutting,XLP,2.9085708386134668
2011-02-01,cutting,XLU,1.2295267200339355
2011-02-01,cutting,XLV,3.12499123893184
2011-02-01,cutting,XLY,5.997848065166256
2011-03-01,cutting,XLE,1.5405650139575622
2011-03-01,cutting,XLF,-2.7299726694438364
2011-03-01,cutting,XLI,1.7833560963517625
2011-03-01,cutting,XLK,-1.882509948835831
2011-03-01,cutting,XLP,0.6729571529820344
2011-03-01,cutting,XLU,-0.7473943002737959
2011-03-01,cutting,XLV,1.3468102714530916
2011-03-01,cutting,XLY,-0.9135234545681659
2011-04-01,cutting,XLE,1.255135310517641
2011-04-01,cutting,XLF,0.20056613407855028
2011-04-01,cutting,XLI,3.1855121790901775
2011-04-01,cutting,XLK,2.956127652936802
2011-04-01,cutting,XLP,5.947166689973593
2011-04-01,cutting,XLU,5.073678086511468
2011-04-01,cutting,XLV,6.918016017854445
2011-04-01,cutting,XLY,4.18921199656066
2011-05-01,cutting,XLE,-4.187395741747801
2011-05-01,cutting,XLF,-3.2966976936542935
2011-05-01,cutting,XLI,-2.764863894080849
2011-05-01,cutting,XLK,-1.0471522936897015
2011-05-01,cutting,XLP,2.506352903686637
2011-05-01,cutting,XLU,2.141106028673745
2011-05-01,cutting,XLV,2.4687855382948376
2011-05-01,cutting,XLY,-0.2712913221360025
2011-06-01,neutral,XLE,-2.2824625153952227
2011-06-01,neutral,XLF,-3.093451689447213
2011-06-01,neutral,XLI,-1.0364422779561844
2011-06-01,neutral,XLK,-2.872198954950367
2011-06-01,neutral,XLP,-3.342652136340374
2011-06-01,neutral,XLU,-1.1514340157765424
2011-06-01,neutral,XLV,-1.6062282483619406
2011-06-01,neutral,XLY,-0.5687505718342423
2011-07-01,neutral,XLE,1.8340034779271042
2011-07-01,neutral,XLF,-3.236765948460074
2011-07-01,neutral,XLI,-6.412593933826383
2011-07-01,neutral,XLK,0.8301399363495499
2011-07-01,neutral,XLP,-0.588496666406868
2011-07-01,neutral,XLU,0.08399160992533794
2011-07-01,neutral,XLV,-3.4978554003736506
2011-07-01,neutral,XLY,-1.044481841899647
2011-08-01,neutral,XLE,-10.215846098924642
2011-08-01,neutral,XLF,-9.594608089011903
2011-08-01,neutral,XLI,-6.574396868634269
2011-08-01,neutral,XLK,-5.308002232552544
2011-08-01,neutral,XLP,0.194658334136788
2011-08-01,neutral,XLU,2.1706386715231174
2011-08-01,neutral,XLV,-2.110156865554047
2011-08-01,neutral,XLY,-5.245933350515064
2011-09-01,neutral,XLE,-14.758162529649766
2011-09-01,neutral,XLF,-11.733907722814152
2011-09-01,neutral,XLI,-9.814799488165693
2011-09-01,neutral,XLK,-3.4369750479671834
2011-09-01,neutral,XLP,-3.9818945832723274
2011-09-01,neutral,XLU,-0.7967053640576371
2011-09-01,neutral,XLV,-5.000021585785463
2011-09-01,neutral,XLY,-7.213194597782313
2011-10-01,cutting,XLE,19.60985913355977
2011-10-01,cutting,XLF,14.753977710389554
2011-10-01,cutting,XLI,15.013881230560422
2011-10-01,cutting,XLK,10.631182931844618
2011-10-01,cutting,XLP,5.400694417442087
2011-10-01,cutting,XLU,4.716809224095275
2011-10-01,cutting,XLV,6.3374263021449995
2011-10-01,cutting,XLY,12.317079102313876
2011-11-01,neutral,XLE,1.6640606446703732
2011-11-01,neutral,XLF,-5.11110016936459
2011-11-01,neutral,XLI,1.4063362794595413
2011-11-01,neutral,XLK,-1.4994406230953161
2011-11-01,neutral,XLP,2.7706342320483968
2011-11-01,neutral,XLU,1.0330029730377444
2011-11-01,neutral,XLV,0.9534784150887488
2011-11-01,neutral,XLY,-0.7175734939111944
2011-12-01,neutral,XLE,-2.4551719909132297
2011-12-01,neutral,XLF,1.483185449801594
2011-12-01,neutral,XLI,-0.4131020945899233
2011-12-01,neutral,XLK,-0.6635195566100149
2011-12-01,neutral,XLP,1.8495325785607974
2011-12-01,neutral,XLU,2.1868860037584925
2011-12-01,neutral,XLV,2.3908005929611287
2011-12-01,neutral,XLY,0.7227598268533253
2012-01-01,neutral,XLE,2.6893877236268127
2012-01-01,neutral,XLF,8.846610887920292
2012-01-01,neutral,XLI,8.037678532364279
2012-01-01,neutral,XLK,6.6729598902654175
2012-01-01,neutral,XLP,-0.5245904762482212
2012-01-01,neutral,XLU,-2.533556466318465
2012-01-01,neutral,XLV,3.778539632709621
2012-01-01,neutral,XLY,6.509092841040687
2012-02-01,hiking,XLE,5.927257449499712
2012-02-01,hiking,XLF,4.978627610523456
2012-02-01,hiking,XLI,2.788486934030465
2012-02-01,hiking,XLK,7.10323329684861
2012-02-01,hiking,XLP,3.746489814913656
2012-02-01,hiking,XLU,0.6055494532495986
2012-02-01,hiking,XLV,1.0614755620376837
2012-02-01,hiking,XLY,4.525608011819693
2012-03-01,hiking,XLE,-4.1799726962331025
2012-03-01,hiking,XLF,7.046087880778029
2012-03-01,hiking,XLI,0.5103670599066579
2012-03-01,hiking,XLK,4.179575629951304
2012-03-01,hiking,XLP,2.557944280318214
2012-03-01,hiking,XLU,0.42990924167569666
2012-03-01,hiking,XLV,3.952428096884675
2012-03-01,hiking,XLY,4.399232061284719
2012-04-01,hiking,XLE,-0.3273234044649631
2012-04-01,hiking,XLF,-2.029944740468259
2012-04-01,hiking,XLI,-0.6345238982924384
2012-04-01,hiking,XLK,-0.8097851598476313
2012-04-01,hiking,XLP,0.8243810617186931
2012-04-01,hiking,XLU,2.710857865181704
2012-04-01,hiking,XLV,0.2374809752987428
2012-04-01,hiking,XLY,1.4646862116866943
2012-05-01,hiking,XLE,-10.68218024829164
2012-05-01,hiking,XLF,-9.202856498954915
2012-05-01,hiking,XLI,-6.322642976666614
2012-05-01,hiking,XLK,-6.338032009035421
2012-05-01,hiking,XLP,-1.1702825785670612
2012-05-01,hiking,XLU,0.5608480262427662
2012-05-01,hiking,XLV,-3.6256796678616365
2012-05-01,hiking,XLY,-5.503183605758732
2012-06-01,neutral,XLE,4.306146928957788
2012-06-01,neutral,XLF,4.496754194628494
2012-06-01,neutral,XLI,2.8843671223988787
2012-06-01,neutral,XLK,2.8643267709952847
2012-06-01,neutral,XLP,2.9307550033064844
2012-06-01,neutral,XLU,3.151153999107925
2012-06-01,neutral,XLV,5.145200802117333
2012-06-01,neutral,XLY,1.5777364711272668
2012-07-01,neutral,XLE,5.4488321078925095
2012-07-01,neutral,XLF,0.6181206618476764
2012-07-01,neutral,XLI,0.8675432117494664
2012-07-01,neutral,XLK,2.240215483362862
2012-07-01,neutral,XLP,3.1790005475437866
2012-07-01,neutral,XLU,3.4682486497130682
2012-07-01,neutral,XLV,1.5441335826021474
2012-07-01,neutral,XLY,-0.1966006764303918
2012-08-01,neutral,XLE,2.699212739688983
2012-08-01,neutral,XLF,3.410648382403836
2012-08-01,neutral,XLI,1.535912988145216
2012-08-01,neutral,XLK,4.203674282509606
2012-08-01,neutral,XLP,-0.4771346838761237
2012-08-01,neutral,XLU,-4.140267244906037
2012-08-01,neutral,XLV,1.1721702888216834
2012-08-01,neutral,XLY,4.616400350982874
2012-09-01,neutral,XLE,2.656225728453676
2012-09-01,neutral,XLF,2.8364353522957853
2012-09-01,neutral,XLI,0.4675347317838252
2012-09-01,neutral,XLK,1.1151433654211118
2012-09-01,neutral,XLP,1.043425868584169
2012-09-01,neutral,XLU,0.11003414724159999
2012-09-01,neutral,XLV,3.2955794666662763
2012-09-01,neutral,XLY,2.7222827042784115
2012-10-01,hiking,XLE,-1.5904749822570063
2012-10-01,hiking,XLF,2.412216013682933
2012-10-01,hiking,XLI,0.5370603308712862
2012-10-01,hiking,XLK,-5.970631891394207
2012-10-01,hiking,XLP,-0.5308098511690451
2012-10-01,hiking,XLU,2.474364285730246
2012-10-01,hiking,XLV,0.27154423881392553
2012-10-01,hiking,XLY,-1.1951860095365197
2012-11-01,neutral,XLE,-1.2232358113343667
2012-11-01,neutral,XLF,-0.8805046348709267
2012-11-01,neutral,XLI,1.7538880678811042
2012-11-01,neutral,XLK,0.9005937040441836
2012-11-01,neutral,XLP,1.836681425959985
2012-11-01,neutral,XLU,-4.2818563444298245
2012-11-01,neutral,XLV,0.5246223185521037
2012-11-01,neutral,XLY,3.1691407553797957
2012-12-01,neutral,XLE,0.5066295741650739
2012-12-01,neutral,XLF,3.9974400686626055
2012-12-01,neutral,XLI,2.0737865001993594
2012-12-01,neutral,XLK,-0.9611817171521264
2012-12-01,neutral,XLP,-3.1631047290563985
2012-12-01,neutral,XLU,-1.1324904257596802
2012-12-01,neutral,XLV,-0.8946606556475167
2012-12-01,neutral,XLY,-0.18935848168277758
2013-01-01,neutral,XLE,8.854823377483267
2013-01-01,neutral,XLF,6.704799649214066
2013-01-01,neutral,XLI,6.527726667267442
2013-01-01,neutral,XLK,2.49268922147039
2013-01-01,neutral,XLP,6.830006866561655
2013-01-01,neutral,XLU,5.9360476271100415
2013-01-01,neutral,XLV,8.178891860646686
2013-01-01,neutral,XLY,6.348137019530542
2013-02-01,neutral,XLE,0.439573091991452
2013-02-01,neutral,XLF,1.2083023957954575
2013-02-01,neutral,XLI,2.2205829044485093
2013-02-01,neutral,XLK,0.7822953759555107
2013-02-01,neutral,XLP,3.308934629722793
2013-02-01,neutral,XLU,2.3236770354782887
2013-02-01,neutral,XLV,1.2584211088540131
2013-02-01,neutral,XLY,1.5958650467509772
2013-03-01,neutral,XLE,2.085211757457728
2013-03-01,neutral,XLF,3.5247408795854973
2013-03-01,neutral,XLI,1.9281897981495266
2013-03-01,neutral,XLK,2.159960721887799
2013-03-01,neutral,XLP,4.410594721870109
2013-03-01,neutral,XLU,4.461639297340181
2013-03-01,neutral,XLV,5.753773491036784
2013-03-01,neutral,XLY,4.064400517974853
2013-04-01,neutral,XLE,-0.8690225497630544
2013-04-01,neutral,XLF,3.0370481667863602
2013-04-01,neutral,XLI,-0.311561806420102
2013-04-01,neutral,XLK,2.1669792528915544
2013-04-01,neutral,XLP,3.450524136705835
2013-04-01,neutral,XLU,6.8793364615492125
2013-04-01,neutral,XLV,3.4490718579566426
2013-04-01,neutral,XLY,3.3460980952801034
2013-05-01,neutral,XLE,2.849106022187975
2013-05-01,neutral,XLF,6.0962354544247255
2013-05-01,neutral,XLI,5.018126549477375
2013-05-01,neutral,XLK,2.792165787267775
2013-05-01,neutral,XLP,-2.1739376272126076
2013-05-01,neutral,XLU,-9.051377785909132
2013-05-01,neutral,XLV,1.6479867867784215
2013-05-01,neutral,XLY,2.765072584896755
2013-06-01,cutting,XLE,-2.732946001450587
2013-06-01,cutting,XLF,-1.9656823334514684
2013-06-01,cutting,XLI,-2.044562289164731
2013-06-01,cutting,XLK,-3.3796356071992384
2013-06-01,cutting,XLP,-0.9488126417128262
2013-06-01,cutting,XLU,-0.13273547139136532
2013-06-01,cutting,XLV,-1.0392927697376098
2013-06-01,cutting,XLY,0.4989033977212953
2013-07-01,neutral,XLE,5.766365369691151
2013-07-01,neutral,XLF,5.771653763852602
2013-07-01,neutral,XLI,6.451052837211924
2013-07-01,neutral,XLK,4.250497864759928
2013-07-01,neutral,XLP,5.016743172115956
2013-07-01,neutral,XLU,5.4048038677259935
2013-07-01,neutral,XLV,7.647526484445066
2013-07-01,neutral,XLY,5.6032380510365964
2013-08-01,neutral,XLE,-1.0313330368537876
2013-08-01,neutral,XLF,-5.124444971321552
2013-08-01,neutral,XLI,-2.48002783100405
2013-08-01,neutral,XLK,-1.0400416676983992
2013-08-01,neutral,XLP,-4.542183775698017
2013-08-01,neutral,XLU,-4.992343738952365
2013-08-01,neutral,XLV,-3.5280528225866914
2013-08-01,neutral,XLY,-2.8465713715160046
2013-09-01,neutral,XLE,1.642758902340824
2013-09-01,neutral,XLF,2.417690096032077
2013-09-01,neutral,XLI,5.3814275339636675
2013-09-01,neutral,XLK,2.0382342417792243
2013-09-01,neutral,XLP,0.7340514494590389
2013-09-01,neutral,XLU,0.18763371298009535
2013-09-01,neutral,XLV,2.783442708399897
2013-09-01,neutral,XLY,5.114446662454886
2013-10-01,neutral,XLE,4.680593940236655
2013-10-01,neutral,XLF,3.722374648510507
2013-10-01,neutral,XLI,5.2445189532605685
2013-10-01,neutral,XLK,5.533322462475598
2013-10-01,neutral,XLP,7.079965565517576
2013-10-01,neutral,XLU,4.767143778655059
2013-10-01,neutral,XLV,4.739418058265055
2013-10-01,neutral,XLY,4.89214102262594
2013-11-01,neutral,XLE,0.05789856005886662
2013-11-01,neutral,XLF,4.423934505766303
2013-11-01,neutral,XLI,3.6610735319127397
2013-11-01,neutral,XLK,3.090620574876324
2013-11-01,neutral,XLP,1.5584273787449199
2013-11-01,neutral,XLU,-1.9339836207765915
2013-11-01,neutral,XLV,4.718578742217838
2013-11-01,neutral,XLY,3.4537152667695192
2013-12-01,neutral,XLE,2.3947269233666413
2013-12-01,neutral,XLF,1.7690164512008888
2013-12-01,neutral,XLI,3.6904353677604584
2013-12-01,neutral,XLK,3.0268300946471483
2013-12-01,neutral,XLP,-0.06975677437753847
2013-12-01,neutral,XLU,-0.15777656868680712
2013-12-01,neutral,XLV,0.32573276125678063
2013-12-01,neutral,XLY,1.8749940944038812
2014-01-01,neutral,XLE,-5.35716571390823
2014-01-01,neutral,XLF,-3.2066162793304764
2014-01-01,neutral,XLI,-3.7795085188427113
2014-01-01,neutral,XLK,-2.093879390637321
2014-01-01,neutral,XLP,-4.444258818644153
2014-01-01,neutral,XLU,4.078371421113247
2014-01-01,neutral,XLV,1.3536311253796063
2014-01-01,neutral,XLY,-5.623691338533366
2014-02-01,neutral,XLE,5.121124722188175
2014-02-01,neutral,XLF,3.0389710634334266
2014-02-01,neutral,XLI,4.057565335334434
2014-02-01,neutral,XLK,4.394020872590687
2014-02-01,neutral,XLP,3.900884680898553
2014-02-01,neutral,XLU,3.452653655664295
2014-02-01,neutral,XLV,6.218708967694586
2014-02-01,neutral,XLY,6.399245118947228
2014-03-01,neutral,XLE,1.6086795598327486
2014-03-01,neutral,XLF,2.949293889247895
2014-03-01,neutral,XLI,0.51862436754464
2014-03-01,neutral,XLK,0.0
2014-03-01,neutral,XLP,1.6764775997602621
2014-03-01,neutral,XLU,2.496954467474155
2014-03-01,neutral,XLV,-1.5982215076898343
2014-03-01,neutral,XLY,-3.1717419232190514
2014-04-01,hiking,XLE,5.772519136454002
2014-04-01,hiking,XLF,-1.3366940625870405
2014-04-01,hiking,XLI,1.7791673398708463
2014-04-01,hiking,XLK,0.7065443426568452
2014-04-01,hiking,XLP,3.2622808219958443
2014-04-01,hiking,XLU,5.0893088429226685
2014-04-01,hiking,XLV,-0.28882172610475987
2014-04-01,hiking,XLY,-1.0492929617668456
2014-05-01,neutral,XLE,1.6748303757425642
2014-05-01,neutral,XLF,1.5027081162044986
2014-05-01,neutral,XLI,1.923444355796633
2014-05-01,neutral,XLK,3.7585264092740545
2014-05-01,neutral,XLP,1.8083180065938231
2014-05-01,neutral,XLU,-1.0876936482993371
2014-05-01,neutral,XLV,2.8733396768843678
2014-05-01,neutral,XLY,2.882216797635495
2014-06-01,neutral,XLE,5.025729351716546
2014-06-01,neutral,XLF,2.018841741204991
2014-06-01,neutral,XLI,0.018474380571698035
2014-06-01,neutral,XLK,1.4013468486649971
2014-06-01,neutral,XLP,-0.9325054753192341
2014-06-01,neutral,XLU,3.556358363810541
2014-06-01,neutral,XLV,1.7394533459205608
2014-06-01,neutral,XLY,1.6138704820558125
2014-07-01,neutral,XLE,-3.018302412446894
2014-07-01,neutral,XLF,-1.061167878074265
2014-07-01,neutral,XLI,-3.6875637046964282
2014-07-01,neutral,XLK,2.163810107035369
2014-07-01,neutral,XLP,-2.6540148403004116
2014-07-01,neutral,XLU,-6.003744092807528
2014-07-01,neutral,XLV,0.5075817333112465
2014-07-01,neutral,XLY,-0.9580324909747251
2014-08-01,neutral,XLE,2.1835620742568507
2014-08-01,neutral,XLF,4.23921374525662
2014-08-01,neutral,XLI,4.225364023870415
2014-08-01,neutral,XLK,3.282055396036543
2014-08-01,neutral,XLP,4.612889683725729
2014-08-01,neutral,XLU,4.921254943881426
2014-08-01,neutral,XLV,4.843201574756417
2014-08-01,neutral,XLY,4.446756924712925
2014-09-01,neutral,XLE,-8.223613010052699
2014-09-01,neutral,XLF,-0.8133538058063605
2014-09-01,neutral,XLI,-1.6105262707876822
2014-09-01,neutral,XLK,-0.9433612346758657
2014-09-01,neutral,XLP,-0.04428143496796322
2014-09-01,neutral,XLU,-2.7495515841020612
2014-09-01,neutral,XLV,0.07830090722373839
2014-09-01,neutral,XLY,-3.0949795180297834
2014-10-01,neutral,XLE,-3.034818024102648
2014-10-01,neutral,XLF,3.3169135898400315
2014-10-01,neutral,XLI,4.3658200955542625
2014-10-01,neutral,XLK,2.041263817288552
2014-10-01,neutral,XLP,4.202672344842906
2014-10-01,neutral,XLU,9.004131918388602
2014-10-01,neutral,XLV,5.6325601886255905
2014-10-01,neutral,XLY,2.4557954663110726
2014-11-01,neutral,XLE,-8.693666123309685
2014-11-01,neutral,XLF,2.3489489219417514
2014-11-01,neutral,XLI,3.0791366637514583
2014-11-01,neutral,XLK,4.810090897817365
2014-11-01,neutral,XLP,5.544857980122053
2014-11-01,neutral,XLU,1.1656236979610712
2014-11-01,neutral,XLV,3.4785341174376594
2014-11-01,neutral,XLY,5.447847652494531
2014-12-01,neutral,XLE,-0.826876935946208
2014-12-01,neutral,XLF,1.3524918335328984
2014-12-01,neutral,XLI,-0.5798297265874219
2014-12-01,neutral,XLK,-2.6829919795171464
2014-12-01,neutral,XLP,-1.6430133401525437
2014-12-01,neutral,XLU,2.652150187385671
2014-12-01,neutral,XLV,-1.7670055837225584
2014-12-01,neutral,XLY,0.4734916477870277
2015-01-01,neutral,XLE,-3.9675037988914252
2015-01-01,neutral,XLF,-6.47976407023142
2015-01-01,neutral,XLI,-3.010922019990847
2015-01-01,neutral,XLK,-3.0046916662425094
2015-01-01,neutral,XLP,-0.25709807636290494
2015-01-01,neutral,XLU,3.2416310633048173
2015-01-01,neutral,XLV,1.676571194503107
2015-01-01,neutral,XLY,-2.591615943886061
2015-02-01,neutral,XLE,4.592986277280331
2015-02-01,neutral,XLF,5.823557707628413
2015-02-01,neutral,XLI,5.3509246963092005
2015-02-01,neutral,XLK,7.994948195770202
2015-02-01,neutral,XLP,4.144070163534419
2015-02-01,neutral,XLU,-6.3948525842553945
2015-02-01,neutral,XLV,4.287527624123677
2015-02-01,neutral,XLY,8.54411578239096
2015-03-01,neutral,XLE,-1.8223487598177712
2015-03-01,neutral,XLF,-0.9856081558147989
2015-03-01,neutral,XLI,-2.991839177223532
2015-03-01,neutral,XLK,-3.8291758982000546
2015-03-01,neutral,XLP,-2.5394742660177494
2015-03-01,neutral,XLU,-1.768751884452835
2015-03-01,neutral,XLV,0.35994977433191355
2015-03-01,neutral,XLY,-0.8161691743650001
2015-04-01,neutral,XLE,7.298012516187868
2015-04-01,neutral,XLF,0.45651649299789376
2015-04-01,neutral,XLI,0.2073371487896658
2015-04-01,neutral,XLK,3.171539418832614
2015-04-01,neutral,XLP,-0.15136529470016757
2015-04-01,neutral,XLU,0.3109748324634287
2015-04-01,neutral,XLV,-0.8130341655859241
2015-04-01,neutral,XLY,0.28264366391836937
2015-05-01,neutral,XLE,-5.188696808188153
2015-05-01,neutral,XLF,1.9478064037936393
2015-05-01,neutral,XLI,0.32355066006855004
2015-05-01,neutral,XLK,1.8553468980188947
2015-05-01,neutral,XLP,0.8682831138277392
2015-05-01,neutral,XLU,0.6332276293969485
2015-05-01,neutral,XLV,4.504284170346917
2015-05-01,neutral,XLY,1.3145698963630936
2015-06-01,neutral,XLE,-4.120409438675043
2015-06-01,neutral,XLF,-0.8943005739651344
2015-06-01,neutral,XLI,-3.1356298221218326
2015-06-01,neutral,XLK,-4.5423073589997305
2015-06-01,neutral,XLP,-2.4389776311638967
2015-06-01,neutral,XLU,-6.831468776997795
2015-06-01,neutral,XLV,-0.733972379139114
2015-06-01,neutral,XLY,0.2358827693774268
2015-07-01,neutral,XLE,-7.077063203163203
2015-07-01,neutral,XLF,3.8564346216066525
2015-07-01,neutral,XLI,0.7939469959295176
2015-07-01,neutral,XLK,3.3129682444296815
2015-07-01,neutral,XLP,6.348301461771255
2015-07-01,neutral,XLU,7.067342616540295
2015-07-01,neutral,XLV,3.3120739305874114
2015-07-01,neutral,XLY,5.223468431391587
2015-08-01,neutral,XLE,-4.251908278342631
2015-08-01,neutral,XLF,-7.060657813589078
2015-08-01,neutral,XLI,-5.40390279311832
2015-08-01,neutral,XLK,-5.519015186750476
2015-08-01,neutral,XLP,-5.963058757198148
2015-08-01,neutral,XLU,-3.4780885309911858
2015-08-01,neutral,XLV,-7.96447958924873
2015-08-01,neutral,XLY,-6.53201791603748
2015-09-01,neutral,XLE,-7.87297905693366
2015-09-01,neutral,XLF,-3.286381577720354
2015-09-01,neutral,XLI,-2.7296140849737194
2015-09-01,neutral,XLK,-1.8145951994974485
2015-09-01,neutral,XLP,-0.253581787723145
2015-09-01,neutral,XLU,1.9547874694565426
2015-09-01,neutral,XLV,-6.0434058748350505
2015-09-01,neutral,XLY,-0.9602361348212463
2015-10-01,neutral,XLE,11.980124736367292
2015-10-01,neutral,XLF,6.786263959265937
2015-10-01,neutral,XLI,9.367061456189596
2015-10-01,neutral,XLK,11.004595609222779
2015-10-01,neutral,XLP,6.382249940229823
2015-10-01,neutral,XLU,2.016872545898063
2015-10-01,neutral,XLV,8.10596076462562
2015-10-01,neutral,XLY,9.44677081627745
2015-11-01,neutral,XLE,-0.014737766072669967
2015-11-01,neutral,XLF,1.9933250491484866
2015-11-01,neutral,XLI,0.8660576631084771
2015-11-01,neutral,XLK,0.7102093354762307
2015-11-01,neutral,XLP,-0.9222329570912624
2015-11-01,neutral,XLU,-2.1257050742898964
2015-11-01,neutral,XLV,-0.32239410517198586
2015-11-01,neutral,XLY,-0.23465714833813545
2015-12-01,neutral,XLE,-11.320187200637754
2015-12-01,neutral,XLF,-2.9723228156041115
2015-12-01,neutral,XLI,-3.1604132257146644
2015-12-01,neutral,XLK,-2.5705462360664733
2015-12-01,neutral,XLP,2.1651425731065377
2015-12-01,neutral,XLU,1.0742463359266763
2015-12-01,neutral,XLV,1.2937409967415991
2015-12-01,neutral,XLY,-3.2433793870869976
2016-01-01,hiking,XLE,-2.6239065368876435
2016-01-01,hiking,XLF,-8.283280529749016
2016-01-01,hiking,XLI,-5.124499008637473
2016-01-01,hiking,XLK,-3.228712812095169
2016-01-01,hiking,XLP,1.2752832682711102
2016-01-01,hiking,XLU,6.029464291000086
2016-01-01,hiking,XLV,-7.328082635260458
2016-01-01,hiking,XLY,-4.789443445317576
2016-02-01,hiking,XLE,-2.800195407140127
2016-02-01,hiking,XLF,-2.9005099351050667
2016-02-01,hiking,XLI,4.26086152394225
2016-02-01,hiking,XLK,-0.6546559171951349
2016-02-01,hiking,XLP,0.31522811594739686
2016-02-01,hiking,XLU,1.937453384099208
2016-02-01,hiking,XLV,-0.3610879616836038
2016-02-01,hiking,XLY,0.4452684838804011
2016-03-01,neutral,XLE,9.384911257069284
2016-03-01,neutral,XLF,6.685576287790762
2016-03-01,neutral,XLI,6.42749447471902
2016-03-01,neutral,XLK,8.274294330847187
2016-03-01,neutral,XLP,4.2026714127662235
2016-03-01,neutral,XLU,7.170665946094967
2016-03-01,neutral,XLV,2.3403543576968833
2016-03-01,neutral,XLY,6.260105678896899
2016-04-01,neutral,XLE,9.843172868183569
2016-04-01,neutral,XLF,4.0598394143935845
2016-04-01,neutral,XLI,1.763407696805941
2016-04-01,neutral,XLK,-4.546966597817182
2016-04-01,neutral,XLP,-0.9256449165402136
2016-04-01,neutral,XLU,-1.684659831702251
2016-04-01,neutral,XLV,3.3348507563307983
2016-04-01,neutral,XLY,0.5384976354020354
2016-05-01,neutral,XLE,-0.9333173497717562
2016-05-01,neutral,XLF,1.887631013303115
2016-05-01,neutral,XLI,-0.42739016293732446
2016-05-01,neutral,XLK,4.889647309738954
2016-05-01,neutral,XLP,0.6883081494720278
2016-05-01,neutral,XLU,1.5076372811562821
2016-05-01,neutral,XLV,2.2352729305932684
2016-05-01,neutral,XLY,0.05051784808740578
2016-06-01,neutral,XLE,2.0487082857417516
2016-06-01,neutral,XLF,-3.7474081071334098
2016-06-01,neutral,XLI,0.16094094906478063
2016-06-01,neutral,XLK,-1.8555850665778584
2016-06-01,neutral,XLP,4.728462908311859
2016-06-01,neutral,XLU,6.754825347740412
2016-06-01,neutral,XLV,0.5045807855566187
2016-06-01,neutral,XLY,-1.489144200303616
2016-07-01,hiking,XLE,-0.6101002267382749
2016-07-01,hiking,XLF,4.008980014193653
2016-07-01,hiking,XLI,4.195673009358081
2016-07-01,hiking,XLK,7.623092255753572
2016-07-01,hiking,XLP,-0.21922746428888473
2016-07-01,hiking,XLU,0.1454739957736928
2016-07-01,hiking,XLV,5.288978936961253
2016-07-01,hiking,XLY,4.931693399995685
2016-08-01,hiking,XLE,1.677091200318892
2016-08-01,hiking,XLF,3.847830600452773
2016-08-01,hiking,XLI,0.9476378128123519
2016-08-01,hiking,XLK,1.162530892782998
2016-08-01,hiking,XLP,-0.5850304666946138
2016-08-01,hiking,XLU,-5.544910676826675
2016-08-01,hiking,XLV,-3.2446720220104974
2016-08-01,hiking,XLY,-1.2987369224730538
2016-09-01,neutral,XLE,3.0652626743268963
2016-09-01,neutral,XLF,-3.264270687755544
2016-09-01,neutral,XLI,-0.3584329481835069
2016-09-01,neutral,XLK,1.6812010637890396
2016-09-01,neutral,XLP,-2.1515240394747615
2016-09-01,neutral,XLU,-0.4875305895227888
2016-09-01,neutral,XLV,-0.8933813433549487
2016-09-01,neutral,XLY,-0.6454489118890794
2016-10-01,neutral,XLE,-2.230936365906877
2016-10-01,neutral,XLF,2.768784494114751
2016-10-01,neutral,XLI,-1.4685332009974572
2016-10-01,neutral,XLK,-0.34294287382992117
2016-10-01,neutral,XLP,-0.15600321858487698
2016-10-01,neutral,XLU,1.7585763977144175
2016-10-01,neutral,XLV,-6.225454039176903
2016-10-01,neutral,XLY,-2.0517461095208245
2016-11-01,neutral,XLE,8.466921077683764
2016-11-01,neutral,XLF,14.032412453959765
2016-11-01,neutral,XLI,9.08932190718199
2016-11-01,neutral,XLK,0.16873254851037522
2016-11-01,neutral,XLP,-4.204519849044896
2016-11-01,neutral,XLU,-5.421806608764534
2016-11-01,neutral,XLV,2.0635231869306603
2016-11-01,neutral,XLY,4.801532503959827
2016-12-01,hiking,XLE,1.1957885466234108
2016-12-01,hiking,XLF,3.2874224145315045
2016-12-01,hiking,XLI,-0.30444250676584517
2016-12-01,hiking,XLK,1.8105399202643868
2016-12-01,hiking,XLP,2.2340763801009578
2016-12-01,hiking,XLU,3.8930624095321997
2016-12-01,hiking,XLV,0.27633616858302457
2016-12-01,hiking,XLY,-0.5497783549836766
2017-01-01,hiking,XLE,-2.7013086397986275
2017-01-01,hiking,XLF,0.7133427530618519
2017-01-01,hiking,XLI,2.48815335365391
2017-01-01,hiking,XLK,4.013680052486035
2017-01-01,hiking,XLP,2.460321292231238
2017-01-01,hiking,XLU,2.236157621334467
2017-01-01,hiking,XLV,2.740617074171281
2017-01-01,hiking,XLY,4.830779863070456
2017-02-01,hiking,XLE,-2.0850549497153703
2017-02-01,hiking,XLF,5.276728572352107
2017-02-01,hiking,XLI,3.912866235105694
2017-02-01,hiking,XLK,4.53273263604872
2017-02-01,hiking,XLP,4.772771716985447
2017-02-01,hiking,XLU,5.266345906674963
2017-02-01,hiking,XLV,6.3386881452727195
2017-02-01,hiking,XLY,1.8154004115890077
2017-03-01,hiking,XLE,-2.0733767612929332
2017-03-01,hiking,XLF,-3.3007574727859534
2017-03-01,hiking,XLI,-1.2146646540407424
2017-03-01,hiking,XLK,1.8338090506403448
2017-03-01,hiking,XLP,-0.9437447910406127
2017-03-01,hiking,XLU,-0.8885542584735173
2017-03-01,hiking,XLV,-0.8401804910903476
2017-03-01,hiking,XLY,1.8293267707816918
2017-04-01,hiking,XLE,-2.36489974899855
2017-04-01,hiking,XLF,-0.48944666438888174
2017-04-01,hiking,XLI,2.4310171867823804
2017-04-01,hiking,XLK,2.4000352045679074
2017-04-01,hiking,XLP,1.6311101478919676
2017-04-01,hiking,XLU,1.5258475938339178
2017-04-01,hiking,XLV,1.9011879557673694
2017-04-01,hiking,XLY,2.705388268180897
2017-05-01,hiking,XLE,-3.537732294103413
2017-05-01,hiking,XLF,-1.1899554917014554
2017-05-01,hiking,XLI,1.7787004328940315
2017-05-01,hiking,XLK,3.9536443253805675
2017-05-01,hiking,XLP,2.6459162415404247
2017-05-01,hiking,XLU,4.139248679578089
2017-05-01,hiking,XLV,0.7682264547289375
2017-05-01,hiking,XLY,1.0993019380359348
2017-06-01,hiking,XLE,-0.7946189183189012
2017-06-01,hiking,XLF,6.107513343970106
2017-06-01,hiking,XLI,0.8738110869899174
2017-06-01,hiking,XLK,-3.201836525994728
2017-06-01,hiking,XLP,-3.001460339268125
2017-06-01,hiking,XLU,-3.4918324642034704
2017-06-01,hiking,XLV,4.15349199395143
2017-06-01,hiking,XLY,-1.5595827797228456
2017-07-01,hiking,XLE,3.3250536070603687
2017-07-01,hiking,XLF,2.0914322366509808
2017-07-01,hiking,XLI,0.768363078294998
2017-07-01,hiking,XLK,4.879946654842082
2017-07-01,hiking,XLP,1.468125635176043
2017-07-01,hiking,XLU,3.255978132499293
2017-07-01,hiking,XLV,1.2206924618768822
2017-07-01,hiking,XLY,2.2409998054816693
2017-08-01,hiking,XLE,-5.4788413327996555
2017-08-01,hiking,XLF,-1.5543954122371195
2017-08-01,hiking,XLI,0.21957655499911244
2017-08-01,hiking,XLK,2.921610604553271
2017-08-01,hiking,XLP,-1.1026769753326615
2017-08-01,hiking,XLU,3.28822521179275
2017-08-01,hiking,XLV,1.7524200745312468
2017-08-01,hiking,XLY,-1.8607637824964551
2017-09-01,neutral,XLE,8.750227704581803
2017-09-01,neutral,XLF,4.6963815453366475
2017-09-01,neutral,XLI,3.7102102214723987
2017-09-01,neutral,XLK,0.45894542630418034
2017-09-01,neutral,XLP,-1.334321589036147
2017-09-01,neutral,XLU,-3.4928245684843207
2017-09-01,neutral,XLV,0.5412239195854873
2017-09-01,neutral,XLY,0.4684225679871368
2017-10-01,neutral,XLE,0.47354005592623594
2017-10-01,neutral,XLF,3.290510881605546
2017-10-01,neutral,XLI,1.2071734487056673
2017-10-01,neutral,XLK,6.894918660365956
2017-10-01,neutral,XLP,-1.03144628452293
2017-10-01,neutral,XLU,4.694477570869404
2017-10-01,neutral,XLV,-0.39322889263347927
2017-10-01,neutral,XLY,2.481617273687786
2017-11-01,neutral,XLE,1.7523271014891373
2017-11-01,neutral,XLF,3.45868777207905
2017-11-01,neutral,XLI,4.166089646508819
2017-11-01,neutral,XLK,1.4138167284619696
2017-11-01,neutral,XLP,5.575463966428629
2017-11-01,neutral,XLU,2.685021560173184
2017-11-01,neutral,XLV,2.9095901994351303
2017-11-01,neutral,XLY,5.065793213555447
2017-12-01,hiking,XLE,4.573083585813453
2017-12-01,hiking,XLF,1.4171337538868345
2017-12-01,hiking,XLI,1.5568305299312746
2017-12-01,hiking,XLK,0.17230874415046227
2017-12-01,hiking,XLP,1.4986587098651416
2017-12-01,hiking,XLU,-6.9258102572332
2017-12-01,hiking,XLV,-0.9463881155597931
2017-12-01,hiking,XLY,2.1107110433228993
2018-01-01,hiking,XLE,4.274018619159836
2018-01-01,hiking,XLF,7.0516594181665
2018-01-01,hiking,XLI,5.937791602590781
2018-01-01,hiking,XLK,7.435808568995816
2018-01-01,hiking,XLP,2.390103283809686
2018-01-01,hiking,XLU,-2.2099812314773093
2018-01-01,hiking,XLV,6.981308185246093
2018-01-01,hiking,XLY,9.612844602010862
2018-02-01,hiking,XLE,-10.835001238343601
2018-02-01,hiking,XLF,-2.9253564302820223
2018-02-01,hiking,XLI,-3.8630602613170306
2018-02-01,hiking,XLK,-0.4090270376455485
2018-02-01,hiking,XLP,-7.627132596435837
2018-02-01,hiking,XLU,-3.879290343686681
2018-02-01,hiking,XLV,-4.49486786825446
2018-02-01,hiking,XLY,-3.469068985696966
2018-03-01,hiking,XLE,1.0038900075380441
2018-03-01,hiking,XLF,-4.502957388977613
2018-03-01,hiking,XLI,-3.0788998534755696
2018-03-01,hiking,XLK,-4.0340331393622915
2018-03-01,hiking,XLP,-1.460387864758339
2018-03-01,hiking,XLU,2.996309301125555
2018-03-01,hiking,XLV,-3.25647818933662
2018-03-01,hiking,XLY,-2.671247205282057
2018-04-01,hiking,XLE,10.273703416140911
2018-04-01,hiking,XLF,-0.07281730845748458
2018-04-01,hiking,XLI,-2.3946008786155715
2018-04-01,hiking,XLK,0.37415672412697276
2018-04-01,hiking,XLP,-3.6037031654379215
2018-04-01,hiking,XLU,2.831154549896109
2018-04-01,hiking,XLV,1.4115451835729598
2018-04-01,hiking,XLY,2.6807074776149076
2018-05-01,hiking,XLE,2.9941906298488474
2018-05-01,hiking,XLF,-0.983612421565605
2018-05-01,hiking,XLI,3.0739525973482396
2018-05-01,hiking,XLK,6.782769123929322
2018-05-01,hiking,XLP,-1.565909536755905
2018-05-01,hiking,XLU,-1.1055135127728044
2018-05-01,hiking,XLV,0.18234976280504522
2018-05-01,hiking,XLY,1.9864802892145983
2018-06-01,hiking,XLE,-0.10523936839322845
2018-06-01,hiking,XLF,-2.170728041200376
2018-06-01,hiking,XLI,-3.7748345846549625
2018-06-01,hiking,XLK,-0.6151539989549204
2018-06-01,hiking,XLP,3.7656531298730256
2018-06-01,hiking,XLU,1.902316963982864
2018-06-01,hiking,XLV,1.2741037627983065
2018-06-01,hiking,XLY,3.347209507651594
2018-07-01,hiking,XLE,2.23985221370675
2018-07-01,hiking,XLF,5.570040111721286
2018-07-01,hiking,XLI,7.815799402024304
2018-07-01,hiking,XLK,2.4488219325575766
2018-07-01,hiking,XLP,4.763764968771489
2018-07-01,hiking,XLU,2.5061666715610276
2018-07-01,hiking,XLV,6.948813304454249
2018-07-01,hiking,XLY,2.0698038952726927
2018-08-01,neutral,XLE,-3.4750941231197596
2018-08-01,neutral,XLF,1.3595787571646145
2018-08-01,neutral,XLI,0.23402342472516047
2018-08-01,neutral,XLK,6.599016218761222
2018-08-01,neutral,XLP,0.391993375303179
2018-08-01,neutral,XLU,1.2881305033894286
2018-08-01,neutral,XLV,4.329259359941462
2018-08-01,neutral,XLY,5.104700322384792
2018-09-01,neutral,XLE,1.7463478467864002
2018-09-01,neutral,XLF,-2.6473535716642016
2018-09-01,neutral,XLI,1.6861165073180029
2018-09-01,neutral,XLK,-0.35713567994768436
2018-09-01,neutral,XLP,0.27893941888204044
2018-09-01,neutral,XLU,-1.5335705120399057
2018-09-01,neutral,XLV,2.554395042872515
2018-09-01,neutral,XLY,0.2308653965476415
2018-10-01,hiking,XLE,-10.718489598260506
2018-10-01,hiking,XLF,-4.290826374722057
2018-10-01,hiking,XLI,-10.436768618717373
2018-10-01,hiking,XLK,-7.692861164032882
2018-10-01,hiking,XLP,2.723050079447309
2018-10-01,hiking,XLU,2.8920605215414286
2018-10-01,hiking,XLV,-6.41535302540579
2018-10-01,hiking,XLY,-9.831966382065582
2018-11-01,hiking,XLE,-1.5634702944136047
2018-11-01,hiking,XLF,2.625562042531926
2018-11-01,hiking,XLI,3.8065690676025055
2018-11-01,hiking,XLK,-1.9624582448154126
2018-11-01,hiking,XLP,2.2723195543109087
2018-11-01,hiking,XLU,3.5388677615955544
2018-11-01,hiking,XLV,8.083414261558076
2018-11-01,hiking,XLY,2.476738709443538
2018-12-01,hiking,XLE,-13.250648910485019
2018-12-01,hiking,XLF,-11.679651278815273
2018-12-01,hiking,XLI,-11.20762393159539
2018-12-01,hiking,XLK,-8.772460195229614
2018-12-01,hiking,XLP,-9.740498150110211
2018-12-01,hiking,XLU,-4.803032325968104
2018-12-01,hiking,XLV,-9.763195498083178
2018-12-01,hiking,XLY,-8.315568298001551
2019-01-01,hiking,XLE,12.25214039604008
2019-01-01,hiking,XLF,9.579112127672552
2019-01-01,hiking,XLI,12.115195245489963
2019-01-01,hiking,XLK,7.401865918079231
2019-01-01,hiking,XLP,6.1019421131616625
2019-01-01,hiking,XLU,4.355823751090604
2019-01-01,hiking,XLV,5.284410749635948
2019-01-01,hiking,XLY,10.298290966727453
2019-02-01,neutral,XLE,2.3047795368335677
2019-02-01,neutral,XLF,2.23593480450639
2019-02-01,neutral,XLI,6.367593730615173
2019-02-01,neutral,XLK,6.910061411183466
2019-02-01,neutral,XLP,1.7793594614096575
2019-02-01,neutral,XLU,4.10884652716117
2019-02-01,neutral,XLV,1.0808550761215896
2019-02-01,neutral,XLY,1.3145511320183267
2019-03-01,neutral,XLE,1.3333872837515415
2019-03-01,neutral,XLF,-3.0542967754543016
2019-03-01,neutral,XLI,-1.7160115223179284
2019-03-01,neutral,XLK,4.4313120752563995
2019-03-01,neutral,XLP,3.2572895136276037
2019-03-01,neutral,XLU,2.034731591514638
2019-03-01,neutral,XLV,0.10909122430919904
2019-03-01,neutral,XLY,3.3027916626915843
2019-04-01,hiking,XLE,0.7690352946287504
2019-04-01,hiking,XLF,9.541214320116897
2019-04-01,hiking,XLI,4.571080763226121
2019-04-01,hiking,XLK,6.708493044543973
2019-04-01,hiking,XLP,3.415008083297999
2019-04-01,hiking,XLU,1.6768431193066036
2019-04-01,hiking,XLV,-2.3516115351434386
2019-04-01,hiking,XLY,5.8232353092054545
2019-05-01,neutral,XLE,-11.102695503257266
2019-05-01,neutral,XLF,-7.173460042686308
2019-05-01,neutral,XLI,-7.6400649712665025
2019-05-01,neutral,XLK,-8.66470957571044
2019-05-01,neutral,XLP,-3.638888240666416
2019-05-01,neutral,XLU,-0.7835200217318095
2019-05-01,neutral,XLV,-2.2182367341368026
2019-05-01,neutral,XLY,-7.603910416142668
2019-06-01,cutting,XLE,8.405635624977869
2019-06-01,cutting,XLF,6.113019689175392
2019-06-01,cutting,XLI,7.45316713613664
2019-06-01,cutting,XLK,8.554713059717468
2019-06-01,cutting,XLP,4.4236646316188954
2019-06-01,cutting,XLU,2.3691063277260005
2019-06-01,cutting,XLV,6.141163243195491
2019-06-01,cutting,XLY,7.445452996682467
2019-07-01,neutral,XLE,-0.6869729497822052
2019-07-01,neutral,XLF,2.876578697090948
2019-07-01,neutral,XLI,0.9537538033737025
2019-07-01,neutral,XLK,3.8638933622887617
2019-07-01,neutral,XLP,3.122013521263911
2019-07-01,neutral,XLU,0.6630646747598723
2019-07-01,neutral,XLV,-1.199408194505669
2019-07-01,neutral,XLY,1.6243649352678524
2019-08-01,neutral,XLE,-8.325383305081434
2019-08-01,neutral,XLF,-4.707982493589158
2019-08-01,neutral,XLI,-2.647099529493757
2019-08-01,neutral,XLK,-1.5352310958981485
2019-08-01,neutral,XLP,2.1706322664946986
2019-08-01,neutral,XLU,5.088166102085001
2019-08-01,neutral,XLV,-0.5925039981847235
2019-08-01,neutral,XLY,-0.9443440888385779
2019-09-01,cutting,XLE,2.992359180653281
2019-09-01,cutting,XLF,4.011902043931559
2019-09-01,cutting,XLI,2.4683177710203674
2019-09-01,cutting,XLK,1.257379700212713
2019-09-01,cutting,XLP,1.1528358468190225
2019-09-01,cutting,XLU,3.4515482025016198
2019-09-01,cutting,XLV,-0.5187629118653336
2019-09-01,cutting,XLY,0.936613378210982
2019-10-01,cutting,XLE,-1.1991826246343984
2019-10-01,cutting,XLF,3.022556014008604
2019-10-01,cutting,XLI,1.669561723048063
2019-10-01,cutting,XLK,4.222886857903796
2019-10-01,cutting,XLP,0.16578882931015393
2019-10-01,cutting,XLU,0.010649572297904975
2019-10-01,cutting,XLV,5.562567141559827
2019-10-01,cutting,XLY,0.4564069603672172
2019-11-01,cutting,XLE,1.6045550997437985
2019-11-01,cutting,XLF,5.052279043666985
2019-11-01,cutting,XLI,4.496222790119164
2019-11-01,cutting,XLK,5.366323628546699
2019-11-01,cutting,XLP,1.3734664724852408
2019-11-01,cutting,XLU,-1.867692463798576
2019-11-01,cutting,XLV,5.002646340657435
2019-11-01,cutting,XLY,1.3239607926353036
2019-12-01,neutral,XLE,1.9527836665886644
2019-12-01,neutral,XLF,2.089540587030192
2019-12-01,neutral,XLI,-0.6947649669816092
2019-12-01,neutral,XLK,3.981401393980155
2019-12-01,neutral,XLP,1.5806359172521267
2019-12-01,neutral,XLU,2.490094942341381
2019-12-01,neutral,XLV,2.3821482175821362
2019-12-01,neutral,XLY,2.4254835480922887
2020-01-01,neutral,XLE,-7.436464113962915
2020-01-01,neutral,XLF,-2.1685627068585567
2020-01-01,neutral,XLI,0.0530273072440135
2020-01-01,neutral,XLK,4.331853943562547
2020-01-01,neutral,XLP,1.1392896412550702
2020-01-01,neutral,XLU,7.580827711437288
2020-01-01,neutral,XLV,-1.6311613300126426
2020-01-01,neutral,XLY,0.24970113569402486
2020-02-01,neutral,XLE,-15.288148858094186
2020-02-01,neutral,XLF,-11.248312618539025
2020-02-01,neutral,XLI,-9.900107775090127
2020-02-01,neutral,XLK,-7.3009759326639
2020-02-01,neutral,XLP,-8.214616754778014
2020-02-01,neutral,XLU,-9.857937798957883
2020-02-01,neutral,XLV,-6.586637394614825
2020-02-01,neutral,XLY,-7.572627491249384
2020-03-01,neutral,XLE,-35.80737994604966
2020-03-01,neutral,XLF,-21.699909663184247
2020-03-01,neutral,XLI,-19.252890396710264
2020-03-01,neutral,XLK,-9.052859382585465
2020-03-01,neutral,XLP,-6.070018919168795
2020-03-01,neutral,XLU,-10.887740799652779
2020-03-01,neutral,XLV,-4.351594927921576
2020-03-01,neutral,XLY,-15.324170175654606
2020-04-01,cutting,XLE,33.68999629385807
2020-04-01,cutting,XLF,10.390266392049563
2020-04-01,cutting,XLI,9.656889991265661
2020-04-01,cutting,XLK,14.330401474605758
2020-04-01,cutting,XLP,7.570524300603321
2020-04-01,cutting,XLU,4.373304797042299
2020-04-01,cutting,XLV,13.133948707940135
2020-04-01,cutting,XLY,19.459329813359695
2020-05-01,neutral,XLE,2.0000014007395484
2020-05-01,neutral,XLF,2.7204913330718172
2020-05-01,neutral,XLI,5.388579429449414
2020-05-01,neutral,XLK,7.176473759919588
2020-05-01,neutral,XLP,1.664955598983453
2020-05-01,neutral,XLU,4.243784124507655
2020-05-01,neutral,XLV,3.288860331886445
2020-05-01,neutral,XLY,6.509480074095353
2020-06-01,neutral,XLE,-2.3478242251660064
2020-06-01,neutral,XLF,-1.1533624523167973
2020-06-01,neutral,XLI,1.5220887961027163
2020-06-01,neutral,XLK,6.655065818493133
2020-06-01,neutral,XLP,-0.9961154036285724
2020-06-01,neutral,XLU,-5.461532123331869
2020-06-01,neutral,XLV,-2.8540758286959345
2020-06-01,neutral,XLY,2.8343527413932756
2020-07-01,hiking,XLE,-3.5877239718652087
2020-07-01,hiking,XLF,4.508603887764662
2020-07-01,hiking,XLI,4.874015146604727
2020-07-01,hiking,XLK,5.976038538409201
2020-07-01,hiking,XLP,7.756795094052937
2020-07-01,hiking,XLU,8.697279293743886
2020-07-01,hiking,XLV,5.902900754643636
2020-07-01,hiking,XLY,7.524149737465624
2020-08-01,hiking,XLE,-1.054703521022271
2020-08-01,hiking,XLF,4.286276795330202
2020-08-01,hiking,XLI,8.476238571710937
2020-08-01,hiking,XLK,11.880811175231232
2020-08-01,hiking,XLP,4.593336762689582
2020-08-01,hiking,XLU,-2.5974218310739317
2020-08-01,hiking,XLV,2.5869545452059217
2020-08-01,hiking,XLY,9.554762526054938
2020-09-01,neutral,XLE,-15.98876253011663
2020-09-01,neutral,XLF,-3.950502029475478
2020-09-01,neutral,XLI,-1.066692517060086
2020-09-01,neutral,XLK,-5.5442988499689765
2020-09-01,neutral,XLP,-2.2568037038891764
2020-09-01,neutral,XLU,0.2194030771106803
2020-09-01,neutral,XLV,-2.5679026235055247
2020-09-01,neutral,XLY,-2.0721035254263387
2020-10-01,neutral,XLE,-2.529220649221575
2020-10-01,neutral,XLF,-0.32722836538650046
2020-10-01,neutral,XLI,-1.0588995145349722
2020-10-01,neutral,XLK,-4.793875732712582
2020-10-01,neutral,XLP,-2.292157483105983
2020-10-01,neutral,XLU,5.9556781609477305
2020-10-01,neutral,XLV,-3.238297097506959
2020-10-01,neutral,XLY,-2.5209497449671936
2020-11-01,neutral,XLE,27.994418529748046
2020-11-01,neutral,XLF,16.848252142365116
2020-11-01,neutral,XLI,16.027434934014195
2020-11-01,neutral,XLK,11.38372442499671
2020-11-01,neutral,XLP,7.468699914549193
2020-11-01,neutral,XLU,0.7374178486360572
2020-11-01,neutral,XLV,7.948066998849668
2020-11-01,neutral,XLY,9.995069930030919
2020-12-01,neutral,XLE,3.10121627907749
2020-12-01,neutral,XLF,5.738888293432454
2020-12-01,neutral,XLI,0.590706384107631
2020-12-01,neutral,XLK,5.296432340980828
2020-12-01,neutral,XLP,0.8070497735086279
2020-12-01,neutral,XLU,-0.22277178146572485
2020-12-01,neutral,XLV,3.3716029260662417
2020-12-01,neutral,XLY,2.2383439738854705
2021-01-01,neutral,XLE,5.134253124908539
2021-01-01,neutral,XLF,-1.271067796175207
2021-01-01,neutral,XLI,-3.872740788040141
2021-01-01,neutral,XLK,-0.6074312601516696
2021-01-01,neutral,XLP,-4.185972743400457
2021-01-01,neutral,XLU,-0.03951386435159243
2021-01-01,neutral,XLV,1.8197014071174467
2021-01-01,neutral,XLY,0.9518041709262182
2021-02-01,neutral,XLE,22.456771140220333
2021-02-01,neutral,XLF,11.606215588964442
2021-02-01,neutral,XLI,6.889195875151666
2021-02-01,neutral,XLK,1.365098750815208
2021-02-01,neutral,XLP,-1.2326615059749746
2021-02-01,neutral,XLU,-6.098157063768372
2021-02-01,neutral,XLV,-2.1037855819622697
2021-02-01,neutral,XLY,-0.5308510830615787
2021-03-01,cutting,XLE,1.889936263273695
2021-03-01,cutting,XLF,5.385305556268971
2021-03-01,cutting,XLI,8.652485579312241
2021-03-01,cutting,XLK,1.6221767997915748
2021-03-01,cutting,XLP,7.914743682158765
2021-03-01,cutting,XLU,9.73269271688948
2021-03-01,cutting,XLV,3.667501876791124
2021-03-01,cutting,XLY,4.294146878262306
2021-04-01,neutral,XLE,1.7407666070508698
2021-04-01,neutral,XLF,6.962464465461515
2021-04-01,neutral,XLI,3.853439406619552
2021-04-01,neutral,XLK,5.409892411947559
2021-04-01,neutral,XLP,2.409925359604004
2021-04-01,neutral,XLU,4.962821483677371
2021-04-01,neutral,XLV,4.2925549767946825
2021-04-01,neutral,XLY,6.624753205803002
2021-05-01,neutral,XLE,5.709661738917693
2021-05-01,neutral,XLF,4.771098255014894
2021-05-01,neutral,XLI,3.1296189699647314
2021-05-01,neutral,XLK,-0.9305696076415515
2021-05-01,neutral,XLP,1.7677391774401752
2021-05-01,neutral,XLU,-2.338111123467135
2021-05-01,neutral,XLV,1.8709350851989104
2021-05-01,neutral,XLY,-3.3981471612307246
2021-06-01,neutral,XLE,3.1794511423743455
2021-06-01,neutral,XLF,-3.421973585841631
2021-06-01,neutral,XLI,-2.587535609132563
2021-06-01,neutral,XLK,6.690757837572092
2021-06-01,neutral,XLP,-1.1862643169645914
2021-06-01,neutral,XLU,-2.9619417803078085
2021-06-01,neutral,XLV,1.9012684600886898
2021-06-01,neutral,XLY,3.3036396417999825
2021-07-01,hiking,XLE,-7.379302935576238
2021-07-01,hiking,XLF,-0.06904899109294593
2021-07-01,hiking,XLI,1.256696189683848
2021-07-01,hiking,XLK,4.077747367862794
2021-07-01,hiking,XLP,2.8647993864329147
2021-07-01,hiking,XLU,5.143689061586909
2021-07-01,hiking,XLV,5.332043451128632
2021-07-01,hiking,XLY,1.2027996850234146
2021-08-01,neutral,XLE,-2.004446025367934
2021-08-01,neutral,XLF,5.147880222848511
2021-08-01,neutral,XLI,1.112623499874399
2021-08-01,neutral,XLK,3.5593214394613604
2021-08-01,neutral,XLP,1.0487777569810675
2021-08-01,neutral,XLU,3.895702391069067
2021-08-01,neutral,XLV,2.3155658974334026
2021-08-01,neutral,XLY,1.7846210512216132
2021-09-01,cutting,XLE,7.623979032370398
2021-09-01,cutting,XLF,-2.2656535919135634
2021-09-01,cutting,XLI,-6.382179669401289
2021-09-01,cutting,XLK,-6.005273790151444
2021-09-01,cutting,XLP,-4.732914324968396
2021-09-01,cutting,XLU,-6.798936474326633
2021-09-01,cutting,XLV,-5.8501653913498375
2021-09-01,cutting,XLY,-2.286944125003576
2021-10-01,neutral,XLE,11.668658860407021
2021-10-01,neutral,XLF,7.738628800870417
2021-10-01,neutral,XLI,7.1417366232428225
2021-10-01,neutral,XLK,8.36732699896423
2021-10-01,neutral,XLP,4.145971308493412
2021-10-01,neutral,XLU,5.536368933453106
2021-10-01,neutral,XLV,5.49216060537181
2021-10-01,neutral,XLY,12.260201418384288
2021-11-01,neutral,XLE,-5.01131529628891
2021-11-01,neutral,XLF,-5.712851812227382
2021-11-01,neutral,XLI,-3.5601425638632556
2021-11-01,neutral,XLK,4.451186419131337
2021-11-01,neutral,XLP,-1.3473760887235842
2021-11-01,neutral,XLU,-1.703772640351553
2021-11-01,neutral,XLV,-3.056344104805009
2021-11-01,neutral,XLY,1.635580017433691
2021-12-01,neutral,XLE,1.6669513000619807
2021-12-01,neutral,XLF,2.871440072828535
2021-12-01,neutral,XLI,5.0014918254056795
2021-12-01,neutral,XLK,3.0523899868321713
2021-12-01,neutral,XLP,9.702658819001918
2021-12-01,neutral,XLU,8.833809092530176
2021-12-01,neutral,XLV,8.602487775073108
2021-12-01,neutral,XLY,0.0
2022-01-01,neutral,XLE,20.312732140004798
2022-01-01,neutral,XLF,0.5048271940121252
2022-01-01,neutral,XLI,-4.432441710903701
2022-01-01,neutral,XLK,-6.667968218750875
2022-01-01,neutral,XLP,-0.8030502179403709
2022-01-01,neutral,XLU,-2.4946587100032502
2022-01-01,neutral,XLV,-6.498455448017959
2022-01-01,neutral,XLY,-9.397894157928999
2022-02-01,neutral,XLE,7.069170682376469
2022-02-01,neutral,XLF,-1.3825084474240357
2022-02-01,neutral,XLI,-0.8437520985185354
2022-02-01,neutral,XLK,-4.877449078946872
2022-02-01,neutral,XLP,-1.4084130473197232
2022-02-01,neutral,XLU,-1.906142905708208
2022-02-01,neutral,XLV,-0.9677496937891217
2022-02-01,neutral,XLY,-4.065958535026182
2022-03-01,neutral,XLE,8.302632777614516
2022-03-01,neutral,XLF,-0.5192085293318383
2022-03-01,neutral,XLI,3.093429032534689
2022-03-01,neutral,XLK,3.1544290953133602
2022-03-01,neutral,XLP,1.3217456737130373
2022-03-01,neutral,XLU,9.612838868662376
2022-03-01,neutral,XLV,5.409341088002573
2022-03-01,neutral,XLY,4.266480601353573
2022-04-01,hiking,XLE,-0.7472143517838981
2022-04-01,hiking,XLF,-9.590219302199909
2022-04-01,hiking,XLI,-7.305792235409303
2022-04-01,hiking,XLK,-10.853012087394942
2022-04-01,hiking,XLP,2.770021734414607
2022-04-01,hiking,XLU,-3.658138647018483
2022-04-01,hiking,XLV,-4.594193153870052
2022-04-01,hiking,XLY,-11.82148763214228
2022-05-01,hiking,XLE,16.034616046858098
2022-05-01,hiking,XLF,2.781809646596445
2022-05-01,hiking,XLI,-0.4624957969287746
2022-05-01,hiking,XLK,-0.6859038136714957
2022-05-01,hiking,XLP,-4.082957813659737
2022-05-01,hiking,XLU,4.308149328757982
2022-05-01,hiking,XLV,1.488988366656696
2022-05-01,hiking,XLY,-5.120355555003819
2022-06-01,hiking,XLE,-17.993109455225554
2022-06-01,hiking,XLF,-11.333518379503161
2022-06-01,hiking,XLI,-7.771909742631101
2022-06-01,hiking,XLK,-9.49090398568141
2022-06-01,hiking,XLP,-3.075052640789655
2022-06-01,hiking,XLU,-5.65045027493124
2022-06-01,hiking,XLV,-3.017468160649317
2022-06-01,hiking,XLY,-11.039196607390867
2022-07-01,hiking,XLE,10.892764229254116
2022-07-01,hiking,XLF,7.757355521884102
2022-07-01,hiking,XLI,9.983874803666893
2022-07-01,hiking,XLK,13.7466808131798
2022-07-01,hiking,XLP,3.975260816977788
2022-07-01,hiking,XLU,6.290857114271042
2022-07-01,hiking,XLV,3.679769040742986
2022-07-01,hiking,XLY,18.71291347148867
2022-08-01,hiking,XLE,2.6523872581263985
2022-08-01,hiking,XLF,-1.9578689126533932
2022-08-01,hiking,XLI,-2.833526132496722
2022-08-01,hiking,XLK,-6.212762345074374
2022-08-01,hiking,XLP,-1.8525801207054715
2022-08-01,hiking,XLU,0.5273464331754907
2022-08-01,hiking,XLV,-5.7703764873644925
2022-08-01,hiking,XLY,-4.495498490785732
2022-09-01,hiking,XLE,-10.53417510942869
2022-09-01,hiking,XLF,-8.139177444073498
2022-09-01,hiking,XLI,-10.857651678859892
2022-09-01,hiking,XLK,-12.1839227315231
2022-09-01,hiking,XLP,-8.726566830625126
2022-09-01,hiking,XLU,-11.877834027110035
2022-09-01,hiking,XLV,-2.9256364095216925
2022-09-01,hiking,XLY,-8.398147334556183
2022-10-01,hiking,XLE,26.327773536162624
2022-10-01,hiking,XLF,12.512330936459382
2022-10-01,hiking,XLI,14.43944894141691
2022-10-01,hiking,XLK,7.918593906766347
2022-10-01,hiking,XLP,9.715502588841595
2022-10-01,hiking,XLU,2.629071437023689
2022-10-01,hiking,XLV,10.048026724839287
2022-10-01,hiking,XLY,1.320849010375591
2022-11-01,hiking,XLE,1.2777895565063702
2022-11-01,hiking,XLF,6.856993466046046
2022-11-01,hiking,XLI,7.811345847007201
2022-11-01,hiking,XLK,6.326723242952204
2022-11-01,hiking,XLP,6.117687953306472
2022-11-01,hiking,XLU,6.963174480019596
2022-11-01,hiking,XLV,4.723139910506036
2022-11-01,hiking,XLY,1.4857914220349322
2022-12-01,hiking,XLE,-4.037279486484236
2022-12-01,hiking,XLF,-5.811067651008983
2022-12-01,hiking,XLI,-3.450655329660568
2022-12-01,hiking,XLK,-8.473063256888015
2022-12-01,hiking,XLP,-3.420121815085364
2022-12-01,hiking,XLU,-1.301976033129093
2022-12-01,hiking,XLV,-2.280235616282855
2022-12-01,hiking,XLY,-11.637116213800503
2023-01-01,hiking,XLE,3.871279248301307
2023-01-01,hiking,XLF,7.570900981684958
2023-01-01,hiking,XLI,4.20132561886144
2023-01-01,hiking,XLK,9.571155256703335
2023-01-01,hiking,XLP,-0.3772267724359568
2023-01-01,hiking,XLU,-1.1981575981306225
2023-01-01,hiking,XLV,-1.4285331708257742
2023-01-01,hiking,XLY,15.444033944285906
2023-02-01,hiking,XLE,-6.938728598402665
2023-02-01,hiking,XLF,-2.2975742611634153
2023-02-01,hiking,XLI,-0.864010511125024
2023-02-01,hiking,XLK,0.41191500111961155
2023-02-01,hiking,XLP,-2.3189371349181975
2023-02-01,hiking,XLU,-5.91981367188631
2023-02-01,hiking,XLV,-4.641568858436774
2023-02-01,hiking,XLY,-2.1250744674208177
2023-03-01,hiking,XLE,-1.027597747523934
2023-03-01,hiking,XLF,-9.99441041037974
2023-03-01,hiking,XLI,0.20798121670877467
2023-03-01,hiking,XLK,10.613832838854375
2023-03-01,hiking,XLP,3.7206447459212644
2023-03-01,hiking,XLU,4.138479620817703
2023-03-01,hiking,XLV,1.8007490336973797
2023-03-01,hiking,XLY,2.7483555937294124
2023-04-01,hiking,XLE,3.8494053177624776
2023-04-01,hiking,XLF,3.684678513112316
2023-04-01,hiking,XLI,-0.7607431814789734
2023-04-01,hiking,XLK,0.1013097377484895
2023-04-01,hiking,XLP,4.1524354098757765
2023-04-01,hiking,XLU,2.6568573674978557
2023-04-01,hiking,XLV,3.5461376653704413
2023-04-01,hiking,XLY,-0.8216936694283028
2023-05-01,hiking,XLE,-10.031736752447895
2023-05-01,hiking,XLF,-4.250822359189222
2023-05-01,hiking,XLI,-3.1499939163892376
2023-05-01,hiking,XLK,8.917295669944902
2023-05-01,hiking,XLP,-6.15961492144137
2023-05-01,hiking,XLU,-5.8712723754467895
2023-05-01,hiking,XLV,-4.268715836704984
2023-05-01,hiking,XLY,2.5361606147632276
2023-06-01,hiking,XLE,5.979909101093739
2023-06-01,hiking,XLF,6.139789986235922
2023-06-01,hiking,XLI,10.81053294521357
2023-06-01,hiking,XLK,5.8315205537907255
2023-06-01,hiking,XLP,2.0641571883124987
2023-06-01,hiking,XLU,0.7854643150245311
2023-06-01,hiking,XLV,3.8332063860944565
2023-06-01,hiking,XLY,12.004526962718675
2023-07-01,hiking,XLE,8.72309118352157
2023-07-01,hiking,XLF,5.2759831172911165
2023-07-01,hiking,XLI,3.299995145393253
2023-07-01,hiking,XLK,2.7974197844659265
2023-07-01,hiking,XLP,2.8547593944831196
2023-07-01,hiking,XLU,3.315196102550866
2023-07-01,hiking,XLV,1.485890879818652
2023-07-01,hiking,XLY,2.520156119858874
2023-08-01,hiking,XLE,1.6460668025639613
2023-08-01,hiking,XLF,-2.6889261354251515
2023-08-01,hiking,XLI,-1.983342530867871
2023-08-01,hiking,XLK,-1.5082890919531522
2023-08-01,hiking,XLP,-3.9471750889461865
2023-08-01,hiking,XLU,-6.12792716878241
2023-08-01,hiking,XLV,-0.7006986981308305
2023-08-01,hiking,XLY,-1.7439957518374682
2023-09-01,neutral,XLE,1.653170409201521
2023-09-01,neutral,XLF,-3.5195171505780887
2023-09-01,neutral,XLI,-6.32912860894006
2023-09-01,neutral,XLK,-6.677680599545455
2023-09-01,neutral,XLP,-5.4288283697975
2023-09-01,neutral,XLU,-6.400877155067897
2023-09-01,neutral,XLV,-3.355606386356935
2023-09-01,neutral,XLY,-5.699745500552145
2023-10-01,neutral,XLE,-5.05733765631724
2023-10-01,neutral,XLF,-2.0058537037907276
2023-10-01,neutral,XLI,-2.583643282944492
2023-10-01,neutral,XLK,0.2625111971713112
2023-10-01,neutral,XLP,-0.7122686400684031
2023-10-01,neutral,XLU,2.1104310353869504
2023-10-01,neutral,XLV,-2.86558084824724
2023-10-01,neutral,XLY,-5.348152674905182
2023-11-01,neutral,XLE,-0.716054644142905
2023-11-01,neutral,XLF,10.93942039576068
2023-11-01,neutral,XLI,8.834895967063638
2023-11-01,neutral,XLK,12.895568572659766
2023-11-01,neutral,XLP,4.126167523468682
2023-11-01,neutral,XLU,5.1432435558910194
2023-11-01,neutral,XLV,5.4359890462771565
2023-11-01,neutral,XLY,10.96648345137503
2023-12-01,neutral,XLE,-0.874901153277019
2023-12-01,neutral,XLF,4.735361603904709
2023-12-01,neutral,XLI,6.482958901597891
2023-12-01,neutral,XLK,3.9533274190982404
2023-12-01,neutral,XLP,1.9388569973946668
2023-12-01,neutral,XLU,0.9082241761553034
2023-12-01,neutral,XLV,3.8611003211465045
2023-12-01,neutral,XLY,5.942638648739296
2024-01-01,neutral,XLE,0.44268398976190504
2024-01-01,neutral,XLF,3.5954595600244055
2024-01-01,neutral,XLI,-0.42316359483608457
2024-01-01,neutral,XLK,2.9281799257884877
2024-01-01,neutral,XLP,2.0030462607925292
2024-01-01,neutral,XLU,-2.054495895101738
2024-01-01,neutral,XLV,3.3938418838874274
2024-01-01,neutral,XLY,-4.241520791654141
2024-02-01,neutral,XLE,3.272985382002136
2024-02-01,neutral,XLF,4.076370411717201
2024-02-01,neutral,XLI,7.183987289702376
2024-02-01,neutral,XLK,4.704558528879321
2024-02-01,neutral,XLP,2.098198722900313
2024-02-01,neutral,XLU,1.0577512478472828
2024-02-01,neutral,XLV,3.1628335717734934
2024-02-01,neutral,XLY,7.89258569411071
2024-03-01,neutral,XLE,9.600655838129146
2024-03-01,neutral,XLF,4.412505619905582
2024-03-01,neutral,XLI,4.099168966671818
2024-03-01,neutral,XLK,0.6232474856822545
2024-03-01,neutral,XLP,2.5654910197909553
2024-03-01,neutral,XLU,5.716587985417565
2024-03-01,neutral,XLV,2.0093975088497418
2024-03-01,neutral,XLY,-0.2819833461096044
2024-04-01,neutral,XLE,-0.14219812208857707
2024-04-01,neutral,XLF,-3.817761018242105
2024-04-01,neutral,XLI,-3.2267700291597534
2024-04-01,neutral,XLK,-5.606122020357695
2024-04-01,neutral,XLP,-0.3983472679354172
2024-04-01,neutral,XLU,2.5002179550771553
2024-04-01,neutral,XLV,-4.6661297433232
2024-04-01,neutral,XLY,-4.289217530866929
2024-05-01,neutral,XLE,-0.34216500068791067
2024-05-01,neutral,XLF,3.1714412482206633
2024-05-01,neutral,XLI,1.6375927944496382
2024-05-01,neutral,XLK,7.07697990972993
2024-05-01,neutral,XLP,2.437082660675105
2024-05-01,neutral,XLU,8.960162482582268
2024-05-01,neutral,XLV,2.401474314653318
2024-05-01,neutral,XLY,0.1992925410766455
2024-06-01,neutral,XLE,-2.1995685214380556
2024-06-01,neutral,XLF,-1.2728013580931452
2024-06-01,neutral,XLI,-1.3278240292615373
2024-06-01,neutral,XLK,7.646561940858332
2024-06-01,neutral,XLP,-0.9826630598486652
2024-06-01,neutral,XLU,-6.2981487741522235
2024-06-01,neutral,XLV,1.426571859863257
2024-06-01,neutral,XLY,3.6540390195161088
2024-07-01,neutral,XLE,3.0812118229176955
2024-07-01,neutral,XLF,6.818746622645477
2024-07-01,neutral,XLI,5.275490209777001
2024-07-01,neutral,XLK,-3.114612167670483
2024-07-01,neutral,XLP,2.425895547088852
2024-07-01,neutral,XLU,7.6854995567591455
2024-07-01,neutral,XLV,3.0643829113786936
2024-07-01,neutral,XLY,3.0116961402414155
2024-08-01,neutral,XLE,-2.070597054394896
2024-08-01,neutral,XLF,4.572466621826821
2024-08-01,neutral,XLI,2.815590452453409
2024-08-01,neutral,XLK,0.6992716111659192
2024-08-01,neutral,XLP,5.9858781542121875
2024-08-01,neutral,XLU,4.808360940927647
2024-08-01,neutral,XLV,5.059137310406192
2024-08-01,neutral,XLY,-0.19734024622898305
2024-09-01,neutral,XLE,-3.8124289550492074
2024-09-01,neutral,XLF,-0.9182312761295441
2024-09-01,neutral,XLI,3.027526559640492
2024-09-01,neutral,XLK,2.4644845738674093
2024-09-01,neutral,XLP,0.5938638296258292
2024-09-01,neutral,XLU,5.88542322738812
2024-09-01,neutral,XLV,-2.022891618313294
2024-09-01,neutral,XLY,7.08101222566111
2024-10-01,cutting,XLE,1.7330257904144108
2024-10-01,cutting,XLF,2.931529457090609
2024-10-01,cutting,XLI,-0.8679012013495857
2024-10-01,cutting,XLK,-1.3823485480728204
2024-10-01,cutting,XLP,-2.956906941267312
2024-10-01,cutting,XLU,-0.4066533416058893
2024-10-01,cutting,XLV,-4.286606768953904
2024-10-01,cutting,XLY,-1.534042100908306
2024-11-01,cutting,XLE,7.833838593376274
2024-11-01,cutting,XLF,10.45611554035517
2024-11-01,cutting,XLI,7.591717723696179
2024-11-01,cutting,XLK,5.1700805269727645
2024-11-01,cutting,XLP,3.8691876889527688
2024-11-01,cutting,XLU,3.7792678788951983
2024-11-01,cutting,XLV,0.3676908892721542
2024-11-01,cutting,XLY,12.905700301909185
2024-12-01,cutting,XLE,-10.33183291540265
2024-12-01,cutting,XLF,-5.8628737263173525
2024-12-01,cutting,XLI,-8.493658818618988
2024-12-01,cutting,XLK,-0.5176913394595584
2024-12-01,cutting,XLP,-5.539533324432854
2024-12-01,cutting,XLU,-8.730266168514433
2024-12-01,cutting,XLV,-6.675265440208156
2024-12-01,cutting,XLY,0.9221707924224276
