date,XLE,XLF,XLI,XLK,XLP,XLU,XLV,XLY,cycle_type
2000-02-01,-4.233409252251496,-10.704639947817396,-5.517232654664217,10.50682014757276,-11.70143867984944,-12.153788570653457,-6.5386609510113765,-5.571521467890728,neutral
2000-03-01,12.066870333617574,17.83010743979101,13.686142176446836,8.389256326338268,3.4272753250464305,10.102984588445473,8.994975242897073,13.929477366398334,hiking
2000-04-01,-1.1624960666608675,1.3363350121248674,1.6539147547832034,-9.18473154504441,5.639974881557119,7.340052686645904,-1.1716318648547608,-1.8912073143526609,hiking
2000-05-01,11.742438001136723,2.2321541772030384,-0.42192332070911664,-10.397727616957141,7.132854207759154,-0.2193879940470489,-2.6804342735143982,-5.397995983784032,hiking
2000-06-01,-5.9564283179136535,-5.177838787083278,-4.131355266857861,9.955612402895952,5.4177052730403075,-4.123137354543404,0.2118167954819894,-5.590846260145965,hiking
2000-07-01,-3.3453133086483344,9.191779355839236,1.7568837234679169,-5.305642746665152,-3.430713349372816,2.3175189016026776,-1.4798800122099331,1.7816966034053916,hiking
2000-08-01,10.920732714395886,10.157192678372539,9.902068567201837,10.170480923785785,-1.221052693145963,3.8960704121495215,3.540816857420004,-4.146630130712092,neutral
2000-09-01,1.2066143763901804,1.8661345522918094,-3.1683035385012492,-17.965749694264964,4.033852481293598,12.282626781296702,-3.6269658345690847,-0.12540961769634817,neutral
2000-10-01,-2.2975882834795125,-0.562421075479369,2.528344998429488,-5.727705498740098,7.348669565954813,6.686271273125999,1.5053686667368504,-1.0103727408260155,neutral
2000-11-01,-5.245129704351948,-5.1086985820699145,-3.3999876373231763,-20.51465274547479,3.450251753239475,-0.045690807379050735,-9.110192170339705,-2.4793521860678847,neutral
2000-12-01,9.881047613311168,8.132832679442803,3.5196554888194065,-9.892099729932147,3.3351924714005277,-2.7917973366262228,1.631725471821066,6.779652146253801,neutral
2001-01-01,-2.8970242168446236,0.13170520686376364,0.8019488531489039,19.121743706670813,-7.019782470996416,-4.241553236695039,7.248683846601844,11.90831959604366,cutting
2001-02-01,-1.2138308838606338,-6.72782017890563,-5.993012406639265,-24.906156704302475,0.6043127821558247,2.0753241131259648,-1.916465624147523,-7.14035501240703,cutting
2001-03-01,-3.2766436053977444,-3.3150892785523967,-9.83382042144071,-11.460207663119593,-7.2072654826610965,-2.126945172162642,-6.420077201799678,-1.6584728862135245,cutting
2001-04-01,10.660328196957725,3.9599770070849916,11.750277464829061,16.16937181300253,2.2400387290107515,5.568467515458253,7.402099721710664,4.850888451882485,cutting
2001-05-01,-0.9447573007558274,4.399953875868423,4.18497034399028,-4.095799377681642,1.4682316160698372,0.7012570007859598,3.8194697934893718,2.380903259678413,cutting
2001-06-01,-9.537964916844576,-1.079734996790549,-6.381604089622394,1.95442440875504,-4.927699212973458,-5.691755037649504,-1.1705631564799757,-1.0018042122844961,cutting
2001-07-01,-0.6890024707428277,-0.586113066417493,0.008579739433511868,-6.92229090955413,3.371780173955452,-0.190361771910319,-1.9560571410373706,4.671443323922708,cutting
2001-08-01,-4.233289568152698,-6.612101483214861,-3.4327749918520056,-12.204445109192141,0.4790765995747348,-3.5633393546856906,-5.0759521958300695,-8.754373513014379,cutting
2001-09-01,-10.128836115532092,-6.052613843871823,-15.008951191403842,-16.37701066184404,-0.4370167043972195,-1.7130963101591568,-14.514356277283092,-12.893463351202627,cutting
2001-10-01,4.613018510634492,-0.9794929613701209,2.201959563998024,10.909074204489677,-0.32262042489593634,-4.533198627373592,0.5519194269399508,5.584211776180736,cutting
2001-11-01,-5.5845041515882325,6.49405901982989,10.00423034759612,14.94143084734083,4.417641819569762,-1.2626589288445067,11.600384125567409,13.316801846124404,cutting
2001-12-01,5.283874648444398,1.5052327874813365,4.52830086737841,-2.2004568199830987,-2.3077115087116296,2.4114548210911524,2.23823615674712,4.379590614167572,cutting
2002-01-01,-3.1606132507953966,-0.709685906904034,-6.317704322663609,-1.083363415191585,-0.3186777298454069,-2.8566070230070073,-0.5662339017605156,3.4488713479375877,cutting
2002-02-01,3.417406659629174,-1.7307646968657164,2.5048340536232283,-13.015988834257675,2.1007444800323016,-0.18505523314610306,4.598121060297045,0.5416086226848638,neutral
2002-03-01,8.486750517924957,6.262239139700898,2.4060032842725843,4.939456005822973,1.3197921041195437,4.486497840009962,5.754134413741485,1.14481005520215,neutral
2002-04-01,-3.2749002287787543,-2.2169440964990628,-6.629500785735242,-12.090454648360593,-3.4382438896939926,-5.307917153991193,-0.5639176171029936,-2.6738229732643948,neutral
2002-05-01,-1.7594448766446003,-0.30232205347668906,0.43383261065035317,-4.146970142821404,-1.1142400174408262,-0.8310984842844649,1.39409352451203,-0.513700513033799,neutral
2002-06-01,-4.239707400626324,-4.700533456446987,-6.360460091060228,-13.362577450118895,-10.462750750703698,-7.619014864852391,-7.176429627928971,-5.43892139049611,neutral
2002-07-01,-13.33578631619411,-7.906235909070681,-5.431297852236794,-9.481613571488523,-3.9779649635483527,-13.897174968464876,-2.865722801970405,-11.780198868724534,neutral
2002-08-01,1.5064643176021075,1.865489407769072,-1.555617810215837,-0.8380478746930486,0.798187676610973,3.965134471501708,0.9672612264431502,3.0177535226042274,neutral
2002-09-01,-7.638624470320177,-11.967632216292223,-11.873552146113852,-16.69012646812539,-7.824885282097016,-13.162748633122623,-6.484923769629969,-9.028879232209608,hiking
2002-10-01,2.3978188339372153,9.73146336528794,5.315370314371326,24.767566104762075,4.563065684406009,-1.1126583193736161,6.160298292356825,6.882572840030066,neutral
2002-11-01,4.129887287264999,3.723401633527157,5.224537540667806,15.853641594365687,-2.772304605227738,2.905742417772461,3.0901059446376555,4.628054895660139,neutral
2002-12-01,-0.49021105974881296,-5.982912660395168,-4.454718809993841,-13.450288190107662,-0.2501351360197135,2.0244669338024046,-4.117046007219427,-8.728220983053214,cutting
2003-01-01,-2.004823803606115,-0.6804125000781869,-4.869326532364182,-2.1013470941926626,-2.8948022368812554,-1.1863919169589843,0.03400259752344148,-3.110946592128516,neutral
2003-02-01,2.939814029836918,-3.0846867144032064,-1.5400946344844346,0.4844477663427549,-3.063313445467597,-5.347565878600324,-2.229791058189168,-0.4476348499141136,neutral
2003-03-01,-0.40160969275835345,-1.377694583918343,0.6777443404251571,-1.5151116364922168,-0.5356680610039688,3.954750540091756,3.285675989537906,2.203212324456394,neutral
2003-04-01,-0.3299132477604383,13.078414045711817,11.247030952985892,9.160805602453115,3.5285604949112814,9.802382518707265,3.5725133136117915,11.863935170935713,neutral
2003-05-01,10.6190494851917,5.091975015771766,2.7103261254425526,8.584232940274617,4.9163766387283925,10.105042931198692,2.0652134027904,5.317039269002266,neutral
2003-06-01,-1.7564684005708209,-0.04063532661089386,1.8653091415649081,0.7079788556468403,0.4984530693618705,0.4997974182286091,4.1178630262402205,1.3088845688671746,neutral
2003-07-01,-3.070517200998968,4.843161061989387,3.5315228476354488,3.1048719905302002,0.3039907081001436,-5.894931832359507,-1.217632571464411,1.9872845601315747,cutting
2003-08-01,6.379349733442141,-1.1709938894238547,3.8910603162732427,4.772698785167662,1.6890000175194597,1.9864706533044396,-3.703683374471123,5.110560219952487,neutral
2003-09-01,-2.5526842518811654,0.3554686537678542,-3.0794797733547763,-0.8676895287466402,-0.7327557109613303,4.0379979621266715,-0.035970017985031966,-4.896582328677601,neutral
2003-10-01,1.4647073434793878,7.492362671652697,6.559851275277118,7.330396584193721,4.885098687990053,1.589074796014689,0.9815135411775255,9.243457107566243,neutral
2003-11-01,0.782485173614389,-0.3680379226754016,1.9814294704284974,1.4271639244750611,1.1769883456292263,0.22675530444606906,2.142886720450332,0.8973021758772459,neutral
2003-12-01,12.586844207072856,3.915767095077838,6.106229621147152,2.4120185627635182,1.3494657491636364,5.565573401153867,5.419574451246789,3.722027873531486,cutting
2004-01-01,2.709648689725941,3.8864711067392532,1.5052380801090504,5.0054728799716175,0.4236664522564215,3.0111044014285326,3.110832373242456,-0.30015010288656496,neutral
2004-02-01,5.253807390472676,2.857162717527051,-0.7399415700203082,-2.5411409553625863,5.693332086960767,1.889970732085522,1.0652077260350001,2.1718208584813103,hiking
2004-03-01,-1.04548824255557,-1.6064244197940947,-1.56540679702184,-2.655720559642105,-0.6082293438260056,0.24733531580358736,-4.407524114841566,-0.7501932105285491,neutral
2004-04-01,2.136198602943362,-3.9211090213193356,0.30968301374187934,-3.8194336895846503,1.6785366938827595,-3.4944735235670765,3.3645655956008547,-1.001307534219531,neutral
2004-05-01,-0.30152755532316666,1.706951047594929,2.4620940562845917,3.9195549144427355,-0.5608618174943403,1.202787656810056,-0.3240644526402159,0.6371697138866317,neutral
2004-06-01,5.815064008302029,-0.06998041928443222,5.951919805927819,2.72952661356316,0.17350034286938154,0.8488529789818289,-0.6501823063356116,0.12658131902283376,neutral
2004-07-01,3.491842055137173,-1.6327112616166928,-2.588958356861426,-6.086910990206052,-4.58117716933637,2.403876041078523,-5.102904213449023,-3.66718742902995,hiking
2004-08-01,-1.5408428195116675,3.253546360918147,0.07176473082537438,-4.4238932856721425,1.7767946730326223,4.063030368707876,1.6251723975972965,-0.19712914414666827,hiking
2004-09-01,9.32707558867465,-1.4543527430232017,1.7934103993433759,2.90635584878558,-3.0439208423722275,-0.19915374323461466,-2.041497567868189,2.732935403769998,hiking
2004-10-01,1.002274465125752,1.0717290785209999,1.3754820644363397,4.393280234527075,1.0721040274806803,5.746574136978477,-1.930603520728591,4.19109619893272,hiking
2004-11-01,6.74447864257719,3.1108211179728285,6.278329870153798,5.110235050388479,2.4770374398755735,4.453789062381031,1.953787415097663,4.189752419784876,hiking
2004-12-01,-3.1724463543802317,3.4915650359594874,1.9691784855885741,0.619622591972302,3.3124813453712765,1.4941374374356942,5.191680458128056,4.346595016715926,hiking
2005-01-01,3.7621468600150143,-1.5541364663335777,-2.3102686595743105,-3.764402781947085,1.5876036837334517,3.093262687312359,-2.8163214047382645,-3.9808196002405927,hiking
2005-02-01,16.777615752765797,-0.6695312529143349,1.1589064105525848,0.15060582500374675,-0.12843977734361411,2.144819257367714,3.008575266426039,-0.5328762383265406,hiking
2005-03-01,-2.234901549091084,-4.314091181529278,-0.392783562902832,-1.9549002943834548,-1.2865041577131753,0.34424858790969015,-0.896103351856492,-1.3094696044448906,hiking
2005-04-01,-5.096763375176494,0.7094097684139378,-3.3102068372298787,-3.527592275722846,-0.6313298026162539,3.869963548219757,3.8358780582279817,-6.229379754685915,hiking
2005-05-01,2.7867126877815673,2.95359230624177,3.171989841569456,6.9422329149453565,2.3265468295265324,-0.06655966430686444,1.2621487335805481,6.183572698818307,hiking
2005-06-01,6.645851475660169,0.6489390884740764,-2.8760776067941363,-1.2884068238452784,-2.402350316530011,5.094871734598638,-0.83093602583868,-0.5763252017573772,hiking
2005-07-01,7.4213257215489215,2.1638228187554676,4.070614922700422,5.6726611412669214,3.706186943153278,3.0849762349549614,2.5674678213982505,5.828580458167409,hiking
2005-08-01,6.386583116753508,-1.6371206882649592,-2.3606333669118573,-0.9500499270161056,-1.7461321920797856,0.6507463577816619,-0.34667736078476397,-3.29100362938195,hiking
2005-09-01,5.983405773009043,0.27176478513672997,1.2760255670475118,0.23981150283467478,0.9102034409151027,3.4483102344900374,-0.853894041428771,-3.014924692382981,hiking
2005-10-01,-8.776637589445125,3.649065373722582,-1.036752619540915,-2.296677954313908,0.02485714370334957,-5.693063387329033,-2.7691670186231643,-1.8568303141682008,hiking
2005-11-01,1.4952741921774537,4.766544049957089,5.819058510085151,6.317301402166753,0.9063376591404992,-0.15902238777445454,1.2175634157449045,3.989937848544023,hiking
2005-12-01,1.5337980484140479,-0.6275636835770704,-0.12715608782922772,-3.7309414243618,-0.3849405569813391,-0.03182924188146474,3.1208867693021114,-1.359499485036364,hiking
2006-01-01,14.909394361951422,1.5419187148985047,0.8890651842491382,4.057288928241176,0.6763631028203099,3.3341000766537787,1.625690891957432,2.296116134977999,hiking
2006-02-01,-9.226533263320935,2.128266735878226,3.1101133854512852,0.2314890317093088,0.8572598143377963,1.3063530276753665,1.1515380155189048,0.7222537171205134,hiking
2006-03-01,3.935872659495332,-0.24515070178087184,4.032009950404647,2.263277736964331,0.29752347658054124,-5.342362363992237,-1.599980604685458,0.5676556451313042,hiking
2006-04-01,5.347935921636782,4.891377855013279,2.5436156422840694,-1.3098377173237252,1.5052215175598516,2.352214139086972,-2.778050130946075,1.2983420477197027,hiking
2006-05-01,-2.7826473052505185,-3.7691611785786727,-1.7086430810205333,-6.498859814420599,0.20985600666092452,1.628362536990613,-2.0974548009612515,-1.6720468460885596,hiking
2006-06-01,2.1602326932135707,-1.0404179067668329,-0.3830736150402747,-0.489474024601777,1.298144188066619,1.4451778325575315,-0.32958557798261623,-0.3878578620095219,hiking
2006-07-01,3.7304122398837514,2.8855153457197913,-5.437732273861407,-2.6069758248722597,2.114668922006979,5.677635370549083,5.842021653508844,-3.1177604197569653,hiking
2006-08-01,-5.080983040567332,1.1789913724505663,1.1288482327432847,7.020178516305209,3.8665053476469424,2.7482076845743553,2.8535846906646123,1.982641527647555,hiking
2006-09-01,-3.987847064564365,3.435919064395221,3.379863428239549,3.8225961665777852,-0.5485996929349035,-2.24329333994826,1.189025416486511,6.166464928608839,neutral
2006-10-01,4.622843627014039,2.9227939277752357,3.255191637397048,4.165830954291949,2.2829266784316182,6.145305655092037,0.6740648959339346,6.67117781384734,neutral
2006-11-01,8.577099195365756,0.7056367045668699,2.450403126150258,2.84219502315719,-0.8517313027112783,2.6543701147389243,-0.12013193580677761,1.2631015234596976,neutral
2006-12-01,-3.1069705668050673,2.9708651802375474,-0.3132504215293985,-1.105475499002706,1.9913410392402353,-0.05443889086623743,0.6915151762368232,1.8046799023832216,neutral
2007-01-01,-0.624861261776255,1.7021961903210148,2.9104226680089162,2.6053458362385262,2.546754965264597,0.5515118541018271,3.407729802681536,3.2352042457279406,neutral
2007-02-01,-2.048538677093581,-3.047468306774914,-1.119160878777825,-2.6970151637393247,-1.5384443516345603,5.3019925207533625,-2.3181460322493574,-2.9903748109552986,hiking
2007-03-01,5.9402065840945095,-0.8900869751822471,0.594177992859235,0.9961379575857521,1.5624822718917741,3.0366003737229974,-0.17804221302555323,-0.6530646483149716,neutral
2007-04-01,5.4709381009481195,4.310444953126402,4.8677735125296495,4.716963071749158,3.3244226681729883,5.478139817474514,7.71178225555984,2.552394626491772,neutral
2007-05-01,7.779712653804083,2.404771881493084,5.188176268122691,5.036884653091445,1.3503206249729782,0.45620128897614354,1.7169960070321455,3.005371989753902,neutral
2007-06-01,1.0102242526828453,-4.538256656263684,-0.2299886571680454,-0.194964042536927,-2.5926996312768735,-5.401535856090877,-3.8660484049920174,-1.9201248628187728,neutral
2007-07-01,0.30496014424081785,-8.568690703751214,1.2077600549966316,-0.12523459928232006,-2.248061806662782,-3.327856049133182,-4.244342524844624,-5.758136454149032,neutral
2007-08-01,1.2029343185408603,2.583598991727021,0.025406681155559774,1.917801227494853,2.359195761261512,1.578972667316858,2.2895681774873777,0.6216469369255462,neutral
2007-09-01,7.117265034789977,1.6889154550064234,4.211051154804468,3.5714238647674534,4.014859243865687,3.1087908121024244,2.7616869749247153,-1.0743715699657708,cutting
2007-10-01,2.809865003654055,-0.9919516686894725,-0.7912635622494446,5.512657276983357,2.102438726280509,7.41077999664177,2.222188899932487,-0.2928759617933152,cutting
2007-11-01,-4.211206511473731,-8.093700237998913,-2.835915480426554,-7.53519994218369,2.7455175561008183,0.6595483288259318,1.277433963156449,-5.457049973966788,cutting
2007-12-01,8.003289335822505,-6.677397563428789,-0.6091364642573094,1.52321423281363,-1.3360604690308642,-0.9361308155618198,-3.180743933046015,-5.627696728359421,cutting
2008-01-01,-12.061525847679476,1.643525665114609,-5.063667325321852,-12.388591064308274,-5.0710050530636375,-6.640995886095801,-4.211552471027725,0.34525196124632895,cutting
2008-02-01,9.267213078030668,-11.358958741404024,-2.0270070083655,-4.731155271530163,-0.257358360979576,-4.105043686178378,-2.6706348349187503,-3.8673962574494514,cutting
2008-03-01,-2.616675210384445,-3.7166182065935693,3.1723512987999136,1.1286602798959544,2.6907115494883893,0.8773920256537115,-4.969499151909318,-1.9157022496743448,cutting
2008-04-01,10.701306945901878,7.859254210958189,3.3984332781689774,6.278771547202355,-0.22308028832691562,5.8718024788464,1.44662977391814,2.511170961740694,cutting
2008-05-01,5.198770015265386,-6.952238593529625,0.8831583860866798,6.512619719041712,3.03800978332065,3.58575779080037,1.9060075786182518,2.734531779792748,cutting
2008-06-01,2.883761339751323,-18.174513086756583,-12.435673332157304,-9.625294174928278,-6.107452057661444,-1.4766142440738261,-4.675810691655813,-11.853956934192523,neutral
2008-07-01,-15.691134511916571,7.708157679351713,1.2659949411163662,-2.165919399732519,2.8749459840518243,-5.743770740831023,4.9676263426794875,0.5387792136450242,hiking
2008-08-01,0.33601359685013765,-0.9708642854910576,2.7421523048727137,1.7897103142868076,2.7007499098804066,-1.1029822411121715,2.0657440103923896,6.905017435010019,neutral
2008-09-01,-15.204297099350505,-7.142870822098423,-12.549707356179773,-12.74726874118488,-1.9190016327309323,-11.763136786027783,-7.85036853678146,-8.524561111460361,cutting
2008-10-01,-18.53754664023979,-21.1720554801218,-17.799943499521987,-15.833200033459494,-12.013706913928646,-12.230608923850749,-11.078102961537617,-17.344153445114017,cutting
2008-11-01,-2.178954033111513,-18.4803257325445,-8.220823950897248,-8.408420189402976,-0.20732913643355388,4.185392184559689,-6.315794073308034,-10.835522716821632,cutting
2008-12-01,-4.992037580447317,-1.105884110970845,1.3414334941339812,1.0492070882573978,-0.8309058392025004,-3.6188735561305196,6.540933657714665,5.270870262002725,cutting
2009-01-01,-1.269809548440648,-25.096190587274215,-11.143232827864146,-4.227485196364378,-6.413265523278766,1.0891899725823162,-0.6033485660572713,-9.93736475689888,cutting
2009-02-01,-12.34016021728056,-17.74890664522273,-17.030589568692157,-3.8147315614518784,-8.08125561975256,-12.52587419991974,-12.390381903638747,-9.07677753191627,neutral
2009-03-01,3.233646820567815,15.92103217095473,7.777762596199023,10.623227349591268,3.634586832567721,0.7889614042829285,5.352490160350265,12.093564111375187,neutral
2009-04-01,8.373255275897096,23.015057446851237,19.207186934784136,10.992077292899838,4.882930697426979,2.291759485388112,0.4954437015893598,19.16290351068057,cutting
2009-05-01,12.88778161897537,13.979510033723908,3.354748282999287,2.3188586839221426,5.090909215740669,3.559006734085357,6.82380460857579,-0.7299225055748759,neutral
2009-06-01,-7.024036013160073,-2.289492276878602,-2.356552225553088,3.1728029685293757,-0.562228976763246,4.183785528966721,1.8583230207311008,-0.17301889142640192,hiking
2009-07-01,5.886894704005474,9.431692653625824,9.469643377516102,8.671881712756813,7.4714413446008265,4.947928050530215,6.461585637390832,9.956391782437834,neutral
2009-08-01,1.0865489270684314,12.990039016715492,4.773870473616371,1.6243703095349948,1.2234598378049188,1.0020892521052538,2.6910917245925647,3.5219928075937545,neutral
2009-09-01,5.374253543845842,1.6326616891106704,5.275806391832116,4.245788612535439,2.578567166886936,0.3420629519025997,0.17466798800858108,5.007672272086006,neutral
2009-10-01,2.9218654036886837,-5.665621168860069,-3.4774452308475534,-0.8795745936153176,2.17763017908843,-2.2056623922307894,-1.6622658886916497,-2.049007623827337,cutting
2009-11-01,2.8415758403520064,4.341578128126722,8.778219359929661,5.531283143805732,3.6778709580020497,4.825651973512679,9.298223434129715,6.711444135230993,neutral
2009-12-01,0.33436235573447437,-1.7735569691181508,1.0177919485680587,5.425261900818401,-1.1575427742722688,4.2338671949294415,1.2711527531111377,4.0181373387235375,neutral
2010-01-01,-3.8823993588219086,-1.1622064877440996,-0.8352010651915598,-8.26315073257029,-0.08257675460422442,-3.6731379948062415,1.2319956694668788,-2.358070820630176,neutral
2010-02-01,3.009163245944002,3.5261040591583193,5.332315870673088,3.482841490376276,3.1678932671843185,-1.3206961933379446,0.38361608304160466,5.5689750059999765,neutral
2010-03-01,2.458140054220359,8.651228251710275,8.321773623523221,6.500723385027363,3.329705250349191,1.7844731354914822,2.324842469959587,7.601587512055175,hiking
2010-04-01,4.519774521722586,1.5474932536401642,4.614660684818506,1.5777683699183198,-0.6550585097268469,3.5434090978100574,-3.5687056778163084,6.2314835780035605,hiking
2010-05-01,-11.45054028668705,-9.15839934567526,-9.118817348276064,-7.4818235731710425,-4.632648602048883,-5.519005907499109,-6.509073287355093,-7.036146000777399,neutral
2010-06-01,-6.352463592124913,-5.926426680786867,-7.331117535175757,-5.73010483056835,-3.225788477968927,-1.738527664769507,-2.320738872271977,-10.00927060380048,neutral
2010-07-01,8.867715844861369,6.740925340050752,10.969767300945744,7.831100814103631,6.563107422180869,8.599891246056268,1.8269858726537302,8.277853840602777,neutral
2010-08-01,-4.903409539721714,-7.8178311461379995,-6.932983375273471,-5.61132971263868,-1.853224202296988,1.4488143273518217,-1.645117058536949,-3.9758170338464405,neutral
2010-09-01,9.492193967251271,5.825975778301928,10.961319108522227,11.261474797052218,5.286999068007914,1.8500055695233053,8.505357773786159,10.66577086595335,neutral
2010-10-01,6.158322951031292,1.691361982051376,3.4015184540507892,6.1599538421310385,3.9282029284640307,2.1204302456413693,2.7559883919658024,5.876523682250978,neutral
2010-11-01,5.857507452898081,-0.6867811936195567,1.3362380000829566,-1.642726370065517,-1.5641723080848546,-3.026444508105519,-2.8874017004718255,2.524089480621172,neutral
2010-12-01,8.834315316014752,10.304290853515807,6.93038664607688,5.1774717018511,3.495786761055353,1.8855422041908154,4.063430761674636,3.4854769985044554,neutral
2011-01-01,7.656290221307582,3.194120215540064,4.459864419864479,3.546851750360136,-0.6065725657468435,2.42417892230562,1.0931306363933357,-0.028609082246755513,cutting
2011-02-01,7.3684297824401,2.743902957915201,2.1247329808837367,2.193114534552043,2.9085708386134668,1.2295267200339355,3.12499123893184,5.997848065166256,cutting
2011-03-01,1.5405650139575622,-2.7299726694438364,1.7833560963517625,-1.882509948835831,0.6729571529820344,-0.7473943002737959,1.3468102714530916,-0.9135234545681659,cutting
2011-04-01,1.255135310517641,0.20056613407855028,3.1855121790901775,2.956127652936802,5.947166689973593,5.073678086511468,6.918016017854445,4.18921199656066,cutting
2011-05-01,-4.187395741747801,-3.2966976936542935,-2.764863894080849,-1.0471522936897015,2.506352903686637,2.141106028673745,2.4687855382948376,-0.2712913221360025,cutting
2011-06-01,-2.2824625153952227,-3.093451689447213,-1.0364422779561844,-2.872198954950367,-3.342652136340374,-1.1514340157765424,-1.6062282483619406,-0.5687505718342423,neutral
2011-07-01,1.8340034779271042,-3.236765948460074,-6.412593933826383,0.8301399363495499,-0.588496666406868,0.08399160992533794,-3.4978554003736506,-1.044481841899647,neutral
2011-08-01,-10.215846098924642,-9.594608089011903,-6.574396868634269,-5.308002232552544,0.194658334136788,2.1706386715231174,-2.110156865554047,-5.245933350515064,neutral
2011-09-01,-14.758162529649766,-11.733907722814152,-9.814799488165693,-3.4369750479671834,-3.9818945832723274,-0.7967053640576371,-5.000021585785463,-7.213194597782313,neutral
2011-10-01,19.60985913355977,14.753977710389554,15.013881230560422,10.631182931844618,5.400694417442087,4.716809224095275,6.3374263021449995,12.317079102313876,cutting
2011-11-01,1.6640606446703732,-5.11110016936459,1.4063362794595413,-1.4994406230953161,2.7706342320483968,1.0330029730377444,0.9534784150887488,-0.7175734939111944,neutral
2011-12-01,-2.4551719909132297,1.483185449801594,-0.4131020945899233,-0.6635195566100149,1.8495325785607974,2.1868860037584925,2.3908005929611287,0.7227598268533253,neutral
2012-01-01,2.6893877236268127,8.846610887920292,8.037678532364279,6.6729598902654175,-0.5245904762482212,-2.533556466318465,3.778539632709621,6.509092841040687,neutral
2012-02-01,5.927257449499712,4.978627610523456,2.788486934030465,7.10323329684861,3.746489814913656,0.6055494532495986,1.0614755620376837,4.525608011819693,hiking
2012-03-01,-4.1799726962331025,7.046087880778029,0.5103670599066579,4.179575629951304,2.557944280318214,0.42990924167569666,3.952428096884675,4.399232061284719,hiking
2012-04-01,-0.3273234044649631,-2.029944740468259,-0.6345238982924384,-0.8097851598476313,0.8243810617186931,2.710857865181704,0.2374809752987428,1.4646862116866943,hiking
2012-05-01,-10.68218024829164,-9.202856498954915,-6.322642976666614,-6.338032009035421,-1.1702825785670612,0.5608480262427662,-3.6256796678616365,-5.503183605758732,hiking
2012-06-01,4.306146928957788,4.496754194628494,2.8843671223988787,2.8643267709952847,2.9307550033064844,3.151153999107925,5.145200802117333,1.5777364711272668,neutral
2012-07-01,5.4488321078925095,0.6181206618476764,0.8675432117494664,2.240215483362862,3.1790005475437866,3.4682486497130682,1.5441335826021474,-0.1966006764303918,neutral
2012-08-01,2.699212739688983,3.410648382403836,1.535912988145216,4.203674282509606,-0.4771346838761237,-4.140267244906037,1.1721702888216834,4.616400350982874,neutral
2012-09-01,2.656225728453676,2.8364353522957853,0.4675347317838252,1.1151433654211118,1.043425868584169,0.11003414724159999,3.2955794666662763,2.7222827042784115,neutral
2012-10-01,-1.5904749822570063,2.412216013682933,0.5370603308712862,-5.970631891394207,-0.5308098511690451,2.474364285730246,0.27154423881392553,-1.1951860095365197,hiking
2012-11-01,-1.2232358113343667,-0.8805046348709267,1.7538880678811042,0.9005937040441836,1.836681425959985,-4.2818563444298245,0.5246223185521037,3.1691407553797957,neutral
2012-12-01,0.5066295741650739,3.9974400686626055,2.0737865001993594,-0.9611817171521264,-3.1631047290563985,-1.1324904257596802,-0.8946606556475167,-0.18935848168277758,neutral
2013-01-01,8.854823377483267,6.704799649214066,6.527726667267442,2.49268922147039,6.830006866561655,5.9360476271100415,8.178891860646686,6.348137019530542,neutral
2013-02-01,0.439573091991452,1.2083023957954575,2.2205829044485093,0.7822953759555107,3.308934629722793,2.3236770354782887,1.2584211088540131,1.5958650467509772,neutral
2013-03-01,2.085211757457728,3.5247408795854973,1.9281897981495266,2.159960721887799,4.410594721870109,4.461639297340181,5.753773491036784,4.064400517974853,neutral
2013-04-01,-0.8690225497630544,3.0370481667863602,-0.311561806420102,2.1669792528915544,3.450524136705835,6.8793364615492125,3.4490718579566426,3.3460980952801034,neutral
2013-05-01,2.849106022187975,6.0962354544247255,5.018126549477375,2.792165787267775,-2.1739376272126076,-9.051377785909132,1.6479867867784215,2.765072584896755,neutral
2013-06-01,-2.732946001450587,-1.9656823334514684,-2.044562289164731,-3.3796356071992384,-0.9488126417128262,-0.13273547139136532,-1.0392927697376098,0.4989033977212953,cutting
2013-07-01,5.766365369691151,5.771653763852602,6.451052837211924,4.250497864759928,5.016743172115956,5.4048038677259935,7.647526484445066,5.6032380510365964,neutral
2013-08-01,-1.0313330368537876,-5.124444971321552,-2.48002783100405,-1.0400416676983992,-4.542183775698017,-4.992343738952365,-3.5280528225866914,-2.8465713715160046,neutral
2013-09-01,1.642758902340824,2.417690096032077,5.3814275339636675,2.0382342417792243,0.7340514494590389,0.18763371298009535,2.783442708399897,5.114446662454886,neutral
2013-10-01,4.680593940236655,3.722374648510507,5.2445189532605685,5.533322462475598,7.079965565517576,4.767143778655059,4.739418058265055,4.89214102262594,neutral
2013-11-01,0.05789856005886662,4.423934505766303,3.6610735319127397,3.090620574876324,1.5584273787449199,-1.9339836207765915,4.718578742217838,3.4537152667695192,neutral
2013-12-01,2.3947269233666413,1.7690164512008888,3.6904353677604584,3.0268300946471483,-0.06975677437753847,-0.15777656868680712,0.32573276125678063,1.8749940944038812,neutral
2014-01-01,-5.35716571390823,-3.2066162793304764,-3.7795085188427113,-2.093879390637321,-4.444258818644153,4.078371421113247,1.3536311253796063,-5.623691338533366,neutral
2014-02-01,5.121124722188175,3.0389710634334266,4.057565335334434,4.394020872590687,3.900884680898553,3.452653655664295,6.218708967694586,6.399245118947228,neutral
2014-03-01,1.6086795598327486,2.949293889247895,0.51862436754464,0.0,1.6764775997602621,2.496954467474155,-1.5982215076898343,-3.1717419232190514,neutral
2014-04-01,5.772519136454002,-1.3366940625870405,1.7791673398708463,0.7065443426568452,3.2622808219958443,5.0893088429226685,-0.28882172610475987,-1.0492929617668456,hiking
2014-05-01,1.6748303757425642,1.5027081162044986,1.923444355796633,3.7585264092740545,1.8083180065938231,-1.0876936482993371,2.8733396768843678,2.882216797635495,neutral
2014-06-01,5.025729351716546,2.018841741204991,0.018474380571698035,1.4013468486649971,-0.9325054753192341,3.556358363810541,1.7394533459205608,1.6138704820558125,neutral
2014-07-01,-3.018302412446894,-1.061167878074265,-3.6875637046964282,2.163810107035369,-2.6540148403004116,-6.003744092807528,0.5075817333112465,-0.9580324909747251,neutral
2014-08-01,2.1835620742568507,4.23921374525662,4.225364023870415,3.282055396036543,4.612889683725729,4.921254943881426,4.843201574756417,4.446756924712925,neutral
2014-09-01,-8.223613010052699,-0.8133538058063605,-1.6105262707876822,-0.9433612346758657,-0.04428143496796322,-2.7495515841020612,0.07830090722373839,-3.0949795180297834,neutral
2014-10-01,-3.034818024102648,3.3169135898400315,4.3658200955542625,2.041263817288552,4.202672344842906,9.004131918388602,5.6325601886255905,2.4557954663110726,neutral
2014-11-01,-8.693666123309685,2.3489489219417514,3.0791366637514583,4.810090897817365,5.544857980122053,1.1656236979610712,3.4785341174376594,5.447847652494531,neutral
2014-12-01,-0.826876935946208,1.3524918335328984,-0.5798297265874219,-2.6829919795171464,-1.6430133401525437,2.652150187385671,-1.7670055837225584,0.4734916477870277,neutral
2015-01-01,-3.9675037988914252,-6.47976407023142,-3.010922019990847,-3.0046916662425094,-0.25709807636290494,3.2416310633048173,1.676571194503107,-2.591615943886061,neutral
2015-02-01,4.592986277280331,5.823557707628413,5.3509246963092005,7.994948195770202,4.144070163534419,-6.3948525842553945,4.287527624123677,8.54411578239096,neutral
2015-03-01,-1.8223487598177712,-0.9856081558147989,-2.991839177223532,-3.8291758982000546,-2.5394742660177494,-1.768751884452835,0.35994977433191355,-0.8161691743650001,neutral
2015-04-01,7.298012516187868,0.45651649299789376,0.2073371487896658,3.171539418832614,-0.15136529470016757,0.3109748324634287,-0.8130341655859241,0.28264366391836937,neutral
2015-05-01,-5.188696808188153,1.9478064037936393,0.32355066006855004,1.8553468980188947,0.8682831138277392,0.6332276293969485,4.504284170346917,1.3145698963630936,neutral
2015-06-01,-4.120409438675043,-0.8943005739651344,-3.1356298221218326,-4.5423073589997305,-2.4389776311638967,-6.831468776997795,-0.733972379139114,0.2358827693774268,neutral
2015-07-01,-7.077063203163203,3.8564346216066525,0.7939469959295176,3.3129682444296815,6.348301461771255,7.067342616540295,3.3120739305874114,5.223468431391587,neutral
2015-08-01,-4.251908278342631,-7.060657813589078,-5.40390279311832,-5.519015186750476,-5.963058757198148,-3.4780885309911858,-7.96447958924873,-6.53201791603748,neutral
2015-09-01,-7.87297905693366,-3.286381577720354,-2.7296140849737194,-1.8145951994974485,-0.253581787723145,1.9547874694565426,-6.0434058748350505,-0.9602361348212463,neutral
2015-10-01,11.980124736367292,6.786263959265937,9.367061456189596,11.004595609222779,6.382249940229823,2.016872545898063,8.10596076462562,9.44677081627745,neutral
2015-11-01,-0.014737766072669967,1.9933250491484866,0.8660576631084771,0.7102093354762307,-0.9222329570912624,-2.1257050742898964,-0.32239410517198586,-0.23465714833813545,neutral
2015-12-01,-11.320187200637754,-2.9723228156041115,-3.1604132257146644,-2.5705462360664733,2.1651425731065377,1.0742463359266763,1.2937409967415991,-3.2433793870869976,neutral
2016-01-01,-2.6239065368876435,-8.283280529749016,-5.124499008637473,-3.228712812095169,1.2752832682711102,6.029464291000086,-7.328082635260458,-4.789443445317576,hiking
2016-02-01,-2.800195407140127,-2.9005099351050667,4.26086152394225,-0.6546559171951349,0.31522811594739686,1.937453384099208,-0.3610879616836038,0.4452684838804011,hiking
2016-03-01,9.384911257069284,6.685576287790762,6.42749447471902,8.274294330847187,4.2026714127662235,7.170665946094967,2.3403543576968833,6.260105678896899,neutral
2016-04-01,9.843172868183569,4.0598394143935845,1.763407696805941,-4.546966597817182,-0.9256449165402136,-1.684659831702251,3.3348507563307983,0.5384976354020354,neutral
2016-05-01,-0.9333173497717562,1.887631013303115,-0.42739016293732446,4.889647309738954,0.6883081494720278,1.5076372811562821,2.2352729305932684,0.05051784808740578,neutral
2016-06-01,2.0487082857417516,-3.7474081071334098,0.16094094906478063,-1.8555850665778584,4.728462908311859,6.754825347740412,0.5045807855566187,-1.489144200303616,neutral
2016-07-01,-0.6101002267382749,4.008980014193653,4.195673009358081,7.623092255753572,-0.21922746428888473,0.1454739957736928,5.288978936961253,4.931693399995685,hiking
2016-08-01,1.677091200318892,3.847830600452773,0.9476378128123519,1.162530892782998,-0.5850304666946138,-5.544910676826675,-3.2446720220104974,-1.2987369224730538,hiking
2016-09-01,3.0652626743268963,-3.264270687755544,-0.3584329481835069,1.6812010637890396,-2.1515240394747615,-0.4875305895227888,-0.8933813433549487,-0.6454489118890794,neutral
2016-10-01,-2.230936365906877,2.768784494114751,-1.4685332009974572,-0.34294287382992117,-0.15600321858487698,1.7585763977144175,-6.225454039176903,-2.0517461095208245,neutral
2016-11-01,8.466921077683764,14.032412453959765,9.08932190718199,0.16873254851037522,-4.204519849044896,-5.421806608764534,2.0635231869306603,4.801532503959827,neutral
2016-12-01,1.1957885466234108,3.2874224145315045,-0.30444250676584517,1.8105399202643868,2.2340763801009578,3.8930624095321997,0.27633616858302457,-0.5497783549836766,hiking
2017-01-01,-2.7013086397986275,0.7133427530618519,2.48815335365391,4.013680052486035,2.460321292231238,2.236157621334467,2.740617074171281,4.830779863070456,hiking
2017-02-01,-2.0850549497153703,5.276728572352107,3.912866235105694,4.53273263604872,4.772771716985447,5.266345906674963,6.3386881452727195,1.8154004115890077,hiking
2017-03-01,-2.0733767612929332,-3.3007574727859534,-1.2146646540407424,1.8338090506403448,-0.9437447910406127,-0.8885542584735173,-0.8401804910903476,1.8293267707816918,hiking
2017-04-01,-2.36489974899855,-0.48944666438888174,2.4310171867823804,2.4000352045679074,1.6311101478919676,1.5258475938339178,1.9011879557673694,2.705388268180897,hiking
2017-05-01,-3.537732294103413,-1.1899554917014554,1.7787004328940315,3.9536443253805675,2.6459162415404247,4.139248679578089,0.7682264547289375,1.0993019380359348,hiking
2017-06-01,-0.7946189183189012,6.107513343970106,0.8738110869899174,-3.201836525994728,-3.001460339268125,-3.4918324642034704,4.15349199395143,-1.5595827797228456,hiking
2017-07-01,3.3250536070603687,2.0914322366509808,0.768363078294998,4.879946654842082,1.468125635176043,3.255978132499293,1.2206924618768822,2.2409998054816693,hiking
2017-08-01,-5.4788413327996555,-1.5543954122371195,0.21957655499911244,2.921610604553271,-1.1026769753326615,3.28822521179275,1.7524200745312468,-1.8607637824964551,hiking
2017-09-01,8.750227704581803,4.6963815453366475,3.7102102214723987,0.45894542630418034,-1.334321589036147,-3.4928245684843207,0.5412239195854873,0.4684225679871368,neutral
2017-10-01,0.47354005592623594,3.290510881605546,1.2071734487056673,6.894918660365956,-1.03144628452293,4.694477570869404,-0.39322889263347927,2.481617273687786,neutral
2017-11-01,1.7523271014891373,3.45868777207905,4.166089646508819,1.4138167284619696,5.575463966428629,2.685021560173184,2.9095901994351303,5.065793213555447,neutral
2017-12-01,4.573083585813453,1.4171337538868345,1.5568305299312746,0.17230874415046227,1.4986587098651416,-6.9258102572332,-0.9463881155597931,2.1107110433228993,hiking
2018-01-01,4.274018619159836,7.0516594181665,5.937791602590781,7.435808568995816,2.390103283809686,-2.2099812314773093,6.981308185246093,9.612844602010862,hiking
2018-02-01,-10.835001238343601,-2.9253564302820223,-3.8630602613170306,-0.4090270376455485,-7.627132596435837,-3.879290343686681,-4.49486786825446,-3.469068985696966,hiking
2018-03-01,1.0038900075380441,-4.502957388977613,-3.0788998534755696,-4.0340331393622915,-1.460387864758339,2.996309301125555,-3.25647818933662,-2.671247205282057,hiking
2018-04-01,10.273703416140911,-0.07281730845748458,-2.3946008786155715,0.37415672412697276,-3.6037031654379215,2.831154549896109,1.4115451835729598,2.6807074776149076,hiking
2018-05-01,2.9941906298488474,-0.983612421565605,3.0739525973482396,6.782769123929322,-1.565909536755905,-1.1055135127728044,0.18234976280504522,1.9864802892145983,hiking
2018-06-01,-0.10523936839322845,-2.170728041200376,-3.7748345846549625,-0.6151539989549204,3.7656531298730256,1.902316963982864,1.2741037627983065,3.347209507651594,hiking
2018-07-01,2.23985221370675,5.570040111721286,7.815799402024304,2.4488219325575766,4.763764968771489,2.5061666715610276,6.948813304454249,2.0698038952726927,hiking
2018-08-01,-3.4750941231197596,1.3595787571646145,0.23402342472516047,6.599016218761222,0.391993375303179,1.2881305033894286,4.329259359941462,5.104700322384792,neutral
2018-09-01,1.7463478467864002,-2.6473535716642016,1.6861165073180029,-0.35713567994768436,0.27893941888204044,-1.5335705120399057,2.554395042872515,0.2308653965476415,neutral
2018-10-01,-10.718489598260506,-4.290826374722057,-10.436768618717373,-7.692861164032882,2.723050079447309,2.8920605215414286,-6.41535302540579,-9.831966382065582,hiking
2018-11-01,-1.5634702944136047,2.625562042531926,3.8065690676025055,-1.9624582448154126,2.2723195543109087,3.5388677615955544,8.083414261558076,2.476738709443538,hiking
2018-12-01,-13.250648910485019,-11.679651278815273,-11.20762393159539,-8.772460195229614,-9.740498150110211,-4.803032325968104,-9.763195498083178,-8.315568298001551,hiking
2019-01-01,12.25214039604008,9.579112127672552,12.115195245489963,7.401865918079231,6.1019421131616625,4.355823751090604,5.284410749635948,10.298290966727453,hiking
2019-02-01,2.3047795368335677,2.23593480450639,6.367593730615173,6.910061411183466,1.7793594614096575,4.10884652716117,1.0808550761215896,1.3145511320183267,neutral
2019-03-01,1.3333872837515415,-3.0542967754543016,-1.7160115223179284,4.4313120752563995,3.2572895136276037,2.034731591514638,0.10909122430919904,3.3027916626915843,neutral
2019-04-01,0.7690352946287504,9.541214320116897,4.571080763226121,6.708493044543973,3.415008083297999,1.6768431193066036,-2.3516115351434386,5.8232353092054545,hiking
2019-05-01,-11.102695503257266,-7.173460042686308,-7.6400649712665025,-8.66470957571044,-3.638888240666416,-0.7835200217318095,-2.2182367341368026,-7.603910416142668,neutral
2019-06-01,8.405635624977869,6.113019689175392,7.45316713613664,8.554713059717468,4.4236646316188954,2.3691063277260005,6.141163243195491,7.445452996682467,cutting
2019-07-01,-0.6869729497822052,2.876578697090948,0.9537538033737025,3.8638933622887617,3.122013521263911,0.6630646747598723,-1.199408194505669,1.6243649352678524,neutral
2019-08-01,-8.325383305081434,-4.707982493589158,-2.647099529493757,-1.5352310958981485,2.1706322664946986,5.088166102085001,-0.5925039981847235,-0.9443440888385779,neutral
2019-09-01,2.992359180653281,4.011902043931559,2.4683177710203674,1.257379700212713,1.1528358468190225,3.4515482025016198,-0.5187629118653336,0.936613378210982,cutting
2019-10-01,-1.1991826246343984,3.022556014008604,1.669561723048063,4.222886857903796,0.16578882931015393,0.010649572297904975,5.562567141559827,0.4564069603672172,cutting
2019-11-01,1.6045550997437985,5.052279043666985,4.496222790119164,5.366323628546699,1.3734664724852408,-1.867692463798576,5.002646340657435,1.3239607926353036,cutting
2019-12-01,1.9527836665886644,2.089540587030192,-0.6947649669816092,3.981401393980155,1.5806359172521267,2.490094942341381,2.3821482175821362,2.4254835480922887,neutral
2020-01-01,-7.436464113962915,-2.1685627068585567,0.0530273072440135,4.331853943562547,1.1392896412550702,7.580827711437288,-1.6311613300126426,0.24970113569402486,neutral
2020-02-01,-15.288148858094186,-11.248312618539025,-9.900107775090127,-7.3009759326639,-8.214616754778014,-9.857937798957883,-6.586637394614825,-7.572627491249384,neutral
2020-03-01,-35.80737994604966,-21.699909663184247,-19.252890396710264,-9.052859382585465,-6.070018919168795,-10.887740799652779,-4.351594927921576,-15.324170175654606,neutral
2020-04-01,33.68999629385807,10.390266392049563,9.656889991265661,14.330401474605758,7.570524300603321,4.373304797042299,13.133948707940135,19.459329813359695,cutting
2020-05-01,2.0000014007395484,2.7204913330718172,5.388579429449414,7.176473759919588,1.664955598983453,4.243784124507655,3.288860331886445,6.509480074095353,neutral
2020-06-01,-2.3478242251660064,-1.1533624523167973,1.5220887961027163,6.655065818493133,-0.9961154036285724,-5.461532123331869,-2.8540758286959345,2.8343527413932756,neutral
2020-07-01,-3.5877239718652087,4.508603887764662,4.874015146604727,5.976038538409201,7.756795094052937,8.697279293743886,5.902900754643636,7.524149737465624,hiking
2020-08-01,-1.054703521022271,4.286276795330202,8.476238571710937,11.880811175231232,4.593336762689582,-2.5974218310739317,2.5869545452059217,9.554762526054938,hiking
2020-09-01,-15.98876253011663,-3.950502029475478,-1.066692517060086,-5.5442988499689765,-2.2568037038891764,0.2194030771106803,-2.5679026235055247,-2.0721035254263387,neutral
2020-10-01,-2.529220649221575,-0.32722836538650046,-1.0588995145349722,-4.793875732712582,-2.292157483105983,5.9556781609477305,-3.238297097506959,-2.5209497449671936,neutral
2020-11-01,27.994418529748046,16.848252142365116,16.027434934014195,11.38372442499671,7.468699914549193,0.7374178486360572,7.948066998849668,9.995069930030919,neutral
2020-12-01,3.10121627907749,5.738888293432454,0.590706384107631,5.296432340980828,0.8070497735086279,-0.22277178146572485,3.3716029260662417,2.2383439738854705,neutral
2021-01-01,5.134253124908539,-1.271067796175207,-3.872740788040141,-0.6074312601516696,-4.185972743400457,-0.03951386435159243,1.8197014071174467,0.9518041709262182,neutral
2021-02-01,22.456771140220333,11.606215588964442,6.889195875151666,1.365098750815208,-1.2326615059749746,-6.098157063768372,-2.1037855819622697,-0.5308510830615787,neutral
2021-03-01,1.889936263273695,5.385305556268971,8.652485579312241,1.6221767997915748,7.914743682158765,9.73269271688948,3.667501876791124,4.294146878262306,cutting
2021-04-01,1.7407666070508698,6.962464465461515,3.853439406619552,5.409892411947559,2.409925359604004,4.962821483677371,4.2925549767946825,6.624753205803002,neutral
2021-05-01,5.709661738917693,4.771098255014894,3.1296189699647314,-0.9305696076415515,1.7677391774401752,-2.338111123467135,1.8709350851989104,-3.3981471612307246,neutral
2021-06-01,3.1794511423743455,-3.421973585841631,-2.587535609132563,6.690757837572092,-1.1862643169645914,-2.9619417803078085,1.9012684600886898,3.3036396417999825,neutral
2021-07-01,-7.379302935576238,-0.06904899109294593,1.256696189683848,4.077747367862794,2.8647993864329147,5.143689061586909,5.332043451128632,1.2027996850234146,hiking
2021-08-01,-2.004446025367934,5.147880222848511,1.112623499874399,3.5593214394613604,1.0487777569810675,3.895702391069067,2.3155658974334026,1.7846210512216132,neutral
2021-09-01,7.623979032370398,-2.2656535919135634,-6.382179669401289,-6.005273790151444,-4.732914324968396,-6.798936474326633,-5.8501653913498375,-2.286944125003576,cutting
2021-10-01,11.668658860407021,7.738628800870417,7.1417366232428225,8.36732699896423,4.145971308493412,5.536368933453106,5.49216060537181,12.260201418384288,neutral
2021-11-01,-5.01131529628891,-5.712851812227382,-3.5601425638632556,4.451186419131337,-1.3473760887235842,-1.703772640351553,-3.056344104805009,1.635580017433691,neutral
2021-12-01,1.6669513000619807,2.871440072828535,5.0014918254056795,3.0523899868321713,9.702658819001918,8.833809092530176,8.602487775073108,0.0,neutral
2022-01-01,20.312732140004798,0.5048271940121252,-4.432441710903701,-6.667968218750875,-0.8030502179403709,-2.4946587100032502,-6.498455448017959,-9.397894157928999,neutral
2022-02-01,7.069170682376469,-1.3825084474240357,-0.8437520985185354,-4.877449078946872,-1.4084130473197232,-1.906142905708208,-0.9677496937891217,-4.065958535026182,neutral
2022-03-01,8.302632777614516,-0.5192085293318383,3.093429032534689,3.1544290953133602,1.3217456737130373,9.612838868662376,5.409341088002573,4.266480601353573,neutral
2022-04-01,-0.7472143517838981,-9.590219302199909,-7.305792235409303,-10.853012087394942,2.770021734414607,-3.658138647018483,-4.594193153870052,-11.82148763214228,hiking
2022-05-01,16.034616046858098,2.781809646596445,-0.4624957969287746,-0.6859038136714957,-4.082957813659737,4.308149328757982,1.488988366656696,-5.120355555003819,hiking
2022-06-01,-17.993109455225554,-11.333518379503161,-7.771909742631101,-9.49090398568141,-3.075052640789655,-5.65045027493124,-3.017468160649317,-11.039196607390867,hiking
2022-07-01,10.892764229254116,7.757355521884102,9.983874803666893,13.7466808131798,3.975260816977788,6.290857114271042,3.679769040742986,18.71291347148867,hiking
2022-08-01,2.6523872581263985,-1.9578689126533932,-2.833526132496722,-6.212762345074374,-1.8525801207054715,0.5273464331754907,-5.7703764873644925,-4.495498490785732,hiking
2022-09-01,-10.53417510942869,-8.139177444073498,-10.857651678859892,-12.1839227315231,-8.726566830625126,-11.877834027110035,-2.9256364095216925,-8.398147334556183,hiking
2022-10-01,26.327773536162624,12.512330936459382,14.43944894141691,7.918593906766347,9.715502588841595,2.629071437023689,10.048026724839287,1.320849010375591,hiking
2022-11-01,1.2777895565063702,6.856993466046046,7.811345847007201,6.326723242952204,6.117687953306472,6.963174480019596,4.723139910506036,1.4857914220349322,hiking
2022-12-01,-4.037279486484236,-5.811067651008983,-3.450655329660568,-8.473063256888015,-3.420121815085364,-1.301976033129093,-2.280235616282855,-11.637116213800503,hiking
2023-01-01,3.871279248301307,7.570900981684958,4.20132561886144,9.571155256703335,-0.3772267724359568,-1.1981575981306225,-1.4285331708257742,15.444033944285906,hiking
2023-02-01,-6.938728598402665,-2.2975742611634153,-0.864010511125024,0.41191500111961155,-2.3189371349181975,-5.91981367188631,-4.641568858436774,-2.1250744674208177,hiking
2023-03-01,-1.027597747523934,-9.99441041037974,0.20798121670877467,10.613832838854375,3.7206447459212644,4.138479620817703,1.8007490336973797,2.7483555937294124,hiking
2023-04-01,3.8494053177624776,3.684678513112316,-0.7607431814789734,0.1013097377484895,4.1524354098757765,2.6568573674978557,3.5461376653704413,-0.8216936694283028,hiking
2023-05-01,-10.031736752447895,-4.250822359189222,-3.1499939163892376,8.917295669944902,-6.15961492144137,-5.8712723754467895,-4.268715836704984,2.5361606147632276,hiking
2023-06-01,5.979909101093739,6.139789986235922,10.81053294521357,5.8315205537907255,2.0641571883124987,0.7854643150245311,3.8332063860944565,12.004526962718675,hiking
2023-07-01,8.72309118352157,5.2759831172911165,3.299995145393253,2.7974197844659265,2.8547593944831196,3.315196102550866,1.485890879818652,2.520156119858874,hiking
2023-08-01,1.6460668025639613,-2.6889261354251515,-1.983342530867871,-1.5082890919531522,-3.9471750889461865,-6.12792716878241,-0.7006986981308305,-1.7439957518374682,hiking
2023-09-01,1.653170409201521,-3.5195171505780887,-6.32912860894006,-6.677680599545455,-5.4288283697975,-6.400877155067897,-3.355606386356935,-5.699745500552145,neutral
2023-10-01,-5.05733765631724,-2.0058537037907276,-2.583643282944492,0.2625111971713112,-0.7122686400684031,2.1104310353869504,-2.86558084824724,-5.348152674905182,neutral
2023-11-01,-0.716054644142905,10.93942039576068,8.834895967063638,12.895568572659766,4.126167523468682,5.1432435558910194,5.4359890462771565,10.96648345137503,neutral
2023-12-01,-0.874901153277019,4.735361603904709,6.482958901597891,3.9533274190982404,1.9388569973946668,0.9082241761553034,3.8611003211465045,5.942638648739296,neutral
2024-01-01,0.44268398976190504,3.5954595600244055,-0.42316359483608457,2.9281799257884877,2.0030462607925292,-2.054495895101738,3.3938418838874274,-4.241520791654141,neutral
2024-02-01,3.272985382002136,4.076370411717201,7.183987289702376,4.704558528879321,2.098198722900313,1.0577512478472828,3.1628335717734934,7.89258569411071,neutral
2024-03-01,9.600655838129146,4.412505619905582,4.099168966671818,0.6232474856822545,2.5654910197909553,5.716587985417565,2.0093975088497418,-0.2819833461096044,neutral
2024-04-01,-0.14219812208857707,-3.817761018242105,-3.2267700291597534,-5.606122020357695,-0.3983472679354172,2.5002179550771553,-4.6661297433232,-4.289217530866929,neutral
2024-05-01,-0.34216500068791067,3.1714412482206633,1.6375927944496382,7.07697990972993,2.437082660675105,8.960162482582268,2.401474314653318,0.1992925410766455,neutral
2024-06-01,-2.1995685214380556,-1.2728013580931452,-1.3278240292615373,7.646561940858332,-0.9826630598486652,-6.2981487741522235,1.426571859863257,3.6540390195161088,neutral
2024-07-01,3.0812118229176955,6.818746622645477,5.275490209777001,-3.114612167670483,2.425895547088852,7.6854995567591455,3.0643829113786936,3.0116961402414155,neutral
2024-08-01,-2.070597054394896,4.572466621826821,2.815590452453409,0.6992716111659192,5.9858781542121875,4.808360940927647,5.059137310406192,-0.19734024622898305,neutral
2024-09-01,-3.8124289550492074,-0.9182312761295441,3.027526559640492,2.4644845738674093,0.5938638296258292,5.88542322738812,-2.022891618313294,7.08101222566111,neutral
2024-10-01,1.7330257904144108,2.931529457090609,-0.8679012013495857,-1.3823485480728204,-2.956906941267312,-0.4066533416058893,-4.286606768953904,-1.534042100908306,cutting
2024-11-01,7.833838593376274,10.45611554035517,7.591717723696179,5.1700805269727645,3.8691876889527688,3.7792678788951983,0.3676908892721542,12.905700301909185,cutting
2024-12-01,-10.33183291540265,-5.8628737263173525,-8.493658818618988,-0.5176913394595584,-5.539533324432854,-8.730266168514433,-6.675265440208156,0.9221707924224276,cutting
