Date,XLE,XLF,XLI,XLK,XLP,XLU,XLV,XLY
2000-01-01,6.8438496589660645,11.18181324005127,17.036983489990234,18.81256675720215,12.397276878356934,5.550710201263428,20.31424331665039,10.06947135925293
2000-02-01,6.554121494293213,9.984840393066406,16.097013473510742,20.789169311523438,10.946617126464844,4.876088619232178,18.985963821411133,9.508448600769043
2000-03-01,7.344998836517334,11.765148162841797,18.300073623657227,22.533226013183594,11.32178783416748,5.368719100952148,20.69374656677246,10.832925796508789
2000-04-01,7.259613513946533,11.922369956970215,18.602741241455078,20.46360969543457,11.960333824157715,5.762785911560059,20.451292037963867,10.628052711486816
2000-05-01,8.112069129943848,12.188495635986328,18.52425193786621,18.335859298706055,12.813446998596191,5.750143051147461,19.903108596801758,10.054350852966309
2000-06-01,7.628879547119141,11.557394981384277,17.758949279785156,20.161306381225586,13.507641792297363,5.513056755065918,19.945266723632812,9.492227554321289
2000-07-01,7.373669624328613,12.619725227355957,18.070953369140625,19.09161949157715,13.044233322143555,5.640822887420654,19.650100708007812,9.66135025024414
2000-08-01,8.17892837524414,13.901535034179688,19.8603515625,21.033329010009766,12.884956359863281,5.860593318939209,20.345874786376953,9.260729789733887
2000-09-01,8.277616500854492,14.160956382751465,19.231115341186523,17.254533767700195,13.404716491699219,6.580428123474121,19.60793685913086,9.249115943908691
2000-10-01,8.087430953979492,14.08131217956543,19.717344284057617,16.266244888305664,14.389784812927246,7.020413398742676,19.903108596801758,9.155665397644043
2000-11-01,7.663234710693359,13.361940383911133,19.04695701599121,12.929281234741211,14.886268615722656,7.017205715179443,18.08989715576172,8.928664207458496
2000-12-01,8.420442581176758,14.448644638061523,19.717344284057617,11.650303840637207,15.3827543258667,6.8212995529174805,18.385074615478516,9.53399658203125
2001-01-01,8.17650032043457,14.467674255371094,19.87546730041504,13.878045082092285,14.302918434143066,6.531970500946045,19.717750549316406,10.66933536529541
2001-02-01,8.077251434326172,13.494315147399902,18.684328079223633,10.421557426452637,14.389352798461914,6.667530059814453,19.339866638183594,9.907506942749023
2001-03-01,7.812588691711426,13.046966552734375,16.84694480895996,9.227225303649902,13.352273941040039,6.525715351104736,18.09823226928711,9.743193626403809
2001-04-01,8.64543628692627,13.563623428344727,18.826507568359375,10.719209671020508,13.65137004852295,6.889097690582275,19.437881469726562,10.215825080871582
2001-05-01,8.56375789642334,14.160416603088379,19.614391326904297,10.280172348022461,13.85180377960205,6.937407970428467,20.18030548095703,10.459053993225098
2001-06-01,7.746949672698975,14.007521629333496,18.36267852783203,10.481090545654297,13.169228553771973,6.542547702789307,19.944082260131836,10.35427474975586
2001-07-01,7.693572998046875,13.925421714782715,18.364253997802734,9.755558967590332,13.613265991210938,6.530093193054199,19.553964614868164,10.837968826293945
2001-08-01,7.367881774902344,13.004658699035645,17.733850479125977,8.564947128295898,13.678483963012695,6.297403812408447,18.56141471862793,9.889172554016113
2001-09-01,6.621601104736328,12.217536926269531,15.072185516357422,7.162264823913574,13.618706703186035,6.189523220062256,15.867344856262207,8.614115715026855
2001-10-01,6.927056789398193,12.097867012023926,15.404068946838379,7.943601608276367,13.574769973754883,5.908939838409424,15.954919815063477,9.095146179199219
2001-11-01,6.540215015411377,12.883509635925293,16.945127487182617,9.130489349365234,14.174454689025879,5.834330081939697,17.80575180053711,10.306328773498535
2001-12-01,6.885791778564453,13.077436447143555,17.712453842163086,8.929576873779297,13.847349166870117,5.975022315979004,18.204286575317383,10.75770378112793
2002-01-01,6.668158531188965,12.984627723693848,16.593433380126953,8.832837104797363,13.803220748901367,5.804339408874512,18.101207733154297,11.12872314453125
2002-02-01,6.896036624908447,12.759894371032715,17.009071350097656,7.6831560134887695,14.093191146850586,5.793598175048828,18.933523178100586,11.188997268676758
2002-03-01,7.48128604888916,13.55894947052002,17.418310165405273,8.062662124633789,14.279191970825195,6.05352783203125,20.02298355102539,11.317090034484863
2002-04-01,7.236281394958496,13.258355140686035,16.26356315612793,7.0878496170043945,13.788238525390625,5.732211589813232,19.910070419311523,11.014491081237793
2002-05-01,7.1089630126953125,13.21827220916748,16.33411979675293,6.793918609619141,13.634604454040527,5.684571266174316,20.18763542175293,10.95790958404541
2002-06-01,6.807563781738281,12.596942901611328,15.295194625854492,5.886075973510742,12.208049774169922,5.251462936401367,18.73888397216797,10.361917495727539
2002-07-01,5.899721622467041,11.600998878479004,14.46446704864502,5.327980995178223,11.722417831420898,4.521657943725586,18.201879501342773,9.141263008117676
2002-08-01,5.988598823547363,11.817414283752441,14.239455223083496,5.283329963684082,11.815984725952148,4.7009477615356445,18.377939224243164,9.417123794555664
2002-09-01,5.531152248382568,10.403149604797363,12.548726081848145,4.401535511016846,10.891397476196289,4.082173824310303,17.18614387512207,8.566863059997559
2002-10-01,5.663779258728027,11.415528297424316,13.215737342834473,5.4916887283325195,11.388379096984863,4.036753177642822,18.244861602783203,9.15648365020752
2002-11-01,5.897686958312988,11.840574264526367,13.906198501586914,6.362321376800537,11.07265853881836,4.154050827026367,18.80864715576172,9.58025074005127
2002-12-01,5.868775844573975,11.132163047790527,13.28671646118164,5.506570816040039,11.044961929321289,4.238148212432861,18.034286499023438,8.744065284729004
2003-01-01,5.75111722946167,11.056418418884277,12.639742851257324,5.3908586502075195,10.725232124328613,4.187867164611816,18.04041862487793,8.472042083740234
2003-02-01,5.920189380645752,10.715362548828125,12.44507884979248,5.4169745445251465,10.396684646606445,3.9639182090759277,17.638154983520508,8.434118270874023
2003-03-01,5.896413326263428,10.567737579345703,12.529424667358398,5.334901332855225,10.34099292755127,4.120681285858154,18.217687606811523,8.619939804077148
2003-04-01,5.876960277557373,11.949830055236816,13.938612937927246,5.8236212730407715,10.705881118774414,4.524606227874756,18.86851692199707,9.642603874206543
2003-05-01,6.50103759765625,12.55831241607666,14.316394805908203,6.3235344886779785,11.232222557067871,4.9818196296691895,19.25819206237793,10.155304908752441
2003-06-01,6.3868489265441895,12.55320930480957,14.583439826965332,6.3683037757873535,11.288209915161133,5.006718635559082,20.051218032836914,10.288226127624512
2003-07-01,6.190739631652832,13.161181449890137,15.098457336425781,6.566031455993652,11.322525024414062,4.711575984954834,19.80706787109375,10.492682456970215
2003-08-01,6.585668563842773,13.007064819335938,15.68594741821289,6.879408359527588,11.513762474060059,4.805170059204102,19.073476791381836,11.02891731262207
2003-09-01,6.417557239532471,13.053300857543945,15.202901840209961,6.819716453552246,11.429394721984863,4.999202728271484,19.06661605834961,10.488877296447754
2003-10-01,6.5115556716918945,14.031301498413086,16.2001895904541,7.319628715515137,11.98773193359375,5.078643798828125,19.25375747680664,11.458412170410156
2003-11-01,6.562507629394531,13.979660987854004,16.52118492126465,7.424091815948486,12.128826141357422,5.090159893035889,19.666343688964844,11.56122875213623
2003-12-01,7.388520240783691,14.527071952819824,17.530006408691406,7.6031622886657715,12.292500495910645,5.3734564781188965,20.732175827026367,11.991540908813477
2004-01-01,7.588723182678223,15.091662406921387,17.793874740600586,7.983736515045166,12.344579696655273,5.535256862640381,21.377119064331055,11.955548286437988
2004-02-01,7.987420082092285,15.522855758666992,17.66221046447754,7.780858516693115,13.04739761352539,5.639871597290039,21.604829788208008,12.215201377868652
2004-03-01,7.903912544250488,15.273492813110352,17.385725021362305,7.574220657348633,12.968039512634277,5.653820991516113,20.652591705322266,12.123563766479492
2004-04-01,8.072755813598633,14.674602508544922,17.439565658569336,7.284928321838379,13.185712814331055,5.456249713897705,21.347461700439453,12.002169609069824
2004-05-01,8.04841423034668,14.925090789794922,17.86894416809082,7.570465087890625,13.111759185791016,5.521876811981201,21.278282165527344,12.078643798828125
2004-06-01,8.516434669494629,14.91464614868164,18.9324893951416,7.777102947235107,13.13450813293457,5.56874942779541,21.139934539794922,12.09393310546875
2004-07-01,8.813815116882324,14.671133041381836,18.44233512878418,7.303717613220215,12.532793045043945,5.702615261077881,20.06118392944336,11.650425910949707
2004-08-01,8.678008079528809,15.148465156555176,18.455570220947266,6.980608940124512,12.755475044250488,5.934314250946045,20.3872127532959,11.627459526062012
2004-09-01,9.487412452697754,14.928153038024902,18.78655433654785,7.18349027633667,12.367208480834961,5.9224958419799805,19.97100830078125,11.945230484008789
2004-10-01,9.582502365112305,15.088142395019531,19.044960021972656,7.499081134796143,12.499797821044922,6.262836456298828,19.585447311401367,12.445866584777832
2004-11-01,10.228792190551758,15.557507514953613,20.240665435791016,7.8823018074035645,12.809422492980957,6.541769981384277,19.96810531616211,12.967317581176758
2004-12-01,9.904289245605469,16.1007080078125,20.639240264892578,7.931142330169678,13.233732223510742,6.63951301574707,21.004785537719727,13.530954360961914
2005-01-01,10.27690315246582,15.850481033325195,20.162418365478516,7.632582187652588,13.443831443786621,6.844890594482422,20.413223266601562,12.992311477661133
2005-02-01,12.00112247467041,15.744357109069824,20.396081924438477,7.644077301025391,13.42656421661377,6.991701126098633,21.02737045288086,12.923078536987305
2005-03-01,11.732909202575684,15.065131187438965,20.315969467163086,7.494643211364746,13.253830909729004,7.015769958496094,20.838943481445312,12.753854751586914
2005-04-01,11.134910583496094,15.172004699707031,19.643468856811523,7.230262756347656,13.17015552520752,7.287277698516846,21.6382999420166,11.959368705749512
2005-05-01,11.445208549499512,15.620123863220215,20.266557693481445,7.732204437255859,13.47656536102295,7.2824273109436035,21.911407470703125,12.698884963989258
2005-06-01,12.205840110778809,15.721488952636719,19.68367576599121,7.632582187652588,13.152811050415039,7.6534576416015625,21.729337692260742,12.62569808959961
2005-07-01,13.111675262451172,16.061674118041992,20.484922409057617,8.065552711486816,13.640278816223145,7.8895649909973145,22.2872314453125,13.361597061157227
2005-08-01,13.949063301086426,15.798725128173828,20.0013484954834,7.988925933837891,13.402101516723633,7.940906047821045,22.2099666595459,12.921866416931152
2005-09-01,14.783692359924316,15.841660499572754,20.25657081604004,8.008084297180176,13.524087905883789,8.214733123779297,22.02031707763672,12.532281875610352
2005-10-01,13.486181259155273,16.41973304748535,20.046560287475586,7.824164390563965,13.527449607849121,7.747063159942627,21.410537719726562,12.299578666687012
2005-11-01,13.687836647033691,17.2023868560791,21.21308135986328,8.318440437316895,13.650053977966309,7.734743595123291,21.67122459411621,12.790324211120605
2005-12-01,13.897780418395996,17.094430923461914,21.186107635498047,8.008084297180176,13.597509384155273,7.732281684875488,22.347558975219727,12.616439819335938
2006-01-01,15.969855308532715,17.358013153076172,21.374465942382812,8.332995414733887,13.689477920532227,7.990083694458008,22.710861206054688,12.9061279296875
2006-02-01,14.496391296386719,17.72743797302246,22.039236068725586,8.352285385131836,13.806832313537598,8.094462394714355,22.97238540649414,12.999342918395996
2006-03-01,15.066950798034668,17.683979034423828,22.927860260009766,8.54132080078125,13.84791088104248,7.662026882171631,22.60483169555664,13.073134422302246
2006-04-01,15.872721672058105,18.548969268798828,23.511056900024414,8.429443359375,14.056352615356445,7.842254161834717,21.976858139038086,13.242868423461914
2006-05-01,15.431039810180664,17.849828720092773,23.109336853027344,7.881625652313232,14.085850715637207,7.969954490661621,21.51590347290039,13.021441459655762
2006-06-01,15.764386177062988,17.66411590576172,23.020811080932617,7.843047142028809,14.268705368041992,8.085134506225586,21.444990158081055,12.97093677520752
2006-07-01,16.352462768554688,18.173816680908203,21.769001007080078,7.638580799102783,14.570441246032715,8.54417896270752,22.697811126708984,12.566534042358398
2006-08-01,15.521596908569336,18.388084411621094,22.014739990234375,8.174822807312012,15.133808135986328,8.778990745544434,23.34551239013672,12.815683364868164
2006-09-01,14.902619361877441,19.01988410949707,22.758808135986328,8.487313270568848,15.05078411102295,8.582052230834961,23.623096466064453,13.605957984924316
2006-10-01,15.591544151306152,19.575796127319336,23.499650955200195,8.840880393981934,15.39438247680664,9.109445571899414,23.782331466674805,14.513635635375977
2006-11-01,16.92884635925293,19.713930130004883,24.07548713684082,9.092155456542969,15.263263702392578,9.35124397277832,23.753761291503906,14.6969575881958
2006-12-01,16.40287208557129,20.299604415893555,24.000070571899414,8.991643905639648,15.567207336425781,9.346153259277344,23.91802215576172,14.962190628051758
2007-01-01,16.300376892089844,20.645143508911133,24.69857406616211,9.225907325744629,15.963665962219238,9.397698402404785,24.733083724975586,15.446248054504395
2007-02-01,15.96645736694336,20.015989303588867,24.422157287597656,8.977083206176758,15.718073844909668,9.895963668823242,24.15973472595215,14.984347343444824
2007-03-01,16.914897918701172,19.83782958984375,24.56726837158203,9.066507339477539,15.963665962219238,10.196464538574219,24.11672019958496,14.886489868164062
2007-04-01,17.840301513671875,20.692928314208984,25.763147354125977,9.494171142578125,16.494365692138672,10.755041122436523,25.97654914855957,15.266451835632324
2007-05-01,19.228225708007812,21.1905460357666,27.09978485107422,9.972381591796875,16.717092514038086,10.804105758666992,26.422565460205078,15.725265502929688
2007-06-01,19.422473907470703,20.228864669799805,27.037458419799805,9.9529390335083,16.283668518066406,10.220518112182617,25.40105628967285,15.423320770263672
2007-07-01,19.481704711914062,18.495515823364258,27.36400604248047,9.940474510192871,15.917601585388184,9.880393981933594,24.322948455810547,14.535224914550781
2007-08-01,19.71605682373047,18.973365783691406,27.37095832824707,10.131113052368164,16.293128967285156,10.036402702331543,24.879838943481445,14.625582695007324
2007-09-01,21.119300842285156,19.29380989074707,28.523563385009766,10.492938041687012,16.947275161743164,10.348413467407227,25.56694221496582,14.468449592590332
2007-10-01,21.712724685668945,19.10242462158203,28.297866821289062,11.071377754211426,17.30358123779297,11.115311622619629,26.135087966918945,14.426074981689453
2007-11-01,20.798357009887695,17.556331634521484,27.495363235473633,10.237127304077148,17.778654098510742,11.18862247467041,26.46894645690918,13.638836860656738
2007-12-01,22.462909698486328,16.38402557373047,27.327878952026367,10.393060684204102,17.541120529174805,11.083882331848145,25.627037048339844,12.871284484863281
2008-01-01,19.7535400390625,16.653301239013672,25.9440860748291,9.105506896972656,16.651609420776367,10.34780216217041,24.547740936279297,12.915722846984863
2008-02-01,21.584142684936523,14.761659622192383,25.418197631835938,8.674711227416992,16.608755111694336,9.923020362854004,23.892160415649414,12.416220664978027
2008-03-01,21.01935577392578,14.213025093078613,26.224552154541016,8.772619247436523,17.055648803710938,10.01008415222168,22.7048397064209,12.178362846374512
2008-04-01,23.268701553344727,15.330062866210938,27.11577606201172,9.323431968688965,17.017601013183594,10.597856521606445,23.033294677734375,12.484182357788086
2008-05-01,24.4783878326416,14.264280319213867,27.35525131225586,9.930631637573242,17.534597396850586,10.977869987487793,23.47231101989746,12.825566291809082
2008-06-01,25.18428611755371,11.6718168258667,23.953441619873047,8.97477912902832,16.463680267333984,10.81576919555664,22.37479019165039,11.305229187011719
2008-07-01,21.232585906982422,12.57149887084961,24.256690979003906,8.78039264678955,16.937002182006836,10.194536209106445,23.486286163330078,11.36613941192627
2008-08-01,21.303930282592773,12.449446678161621,24.921846389770508,8.937536239624023,17.394428253173828,10.08209228515625,23.971452713012695,12.150973320007324
2008-09-01,18.064817428588867,11.560198783874512,21.794227600097656,7.798244476318359,17.06062889099121,8.896121978759766,22.0896053314209,11.115156173706055
2008-10-01,14.716043472290039,9.112667083740234,17.914867401123047,6.563532829284668,15.011014938354492,7.808072090148926,19.64249610900879,9.187326431274414
2008-11-01,14.395387649536133,7.428616523742676,16.44211769104004,6.011643409729004,14.97989273071289,8.134870529174805,18.40191650390625,8.191831588745117
2008-12-01,13.676764488220215,7.34646463394165,16.662677764892578,6.074717998504639,14.855423927307129,7.840479850769043,19.605573654174805,8.623612403869629
2009-01-01,13.503095626831055,5.502781867980957,14.805916786193848,5.817910194396973,13.902706146240234,7.925877571105957,19.48728370666504,7.766652584075928
2009-02-01,11.8367919921875,4.526098251342773,12.284381866455078,5.595972537994385,12.779192924499512,6.93309211730957,17.072734832763672,7.061690807342529
2009-03-01,12.219552040100098,5.246699810028076,13.239831924438477,6.190445423126221,13.243663787841797,6.987791538238525,17.98655128479004,7.915700912475586
2009-04-01,13.24272632598877,6.454230785369873,15.782831192016602,6.870903968811035,13.890342712402344,7.147934913635254,18.075664520263672,9.432579040527344
2009-05-01,14.949419975280762,7.356500625610352,16.312305450439453,7.030230522155762,14.597487449645996,7.40233039855957,19.309112548828125,9.363728523254395
2009-06-01,13.899367332458496,7.188074111938477,15.927897453308105,7.253285884857178,14.515416145324707,7.7120280265808105,19.667938232421875,9.347527503967285
2009-07-01,14.717608451843262,7.866031169891357,17.43621253967285,7.882282257080078,15.599926948547363,8.093613624572754,20.938798904418945,10.278203964233398
2009-08-01,14.877522468566895,8.887831687927246,18.26859474182129,8.010319709777832,15.790785789489746,8.174718856811523,21.502281188964844,10.640201568603516
2009-09-01,15.677078247070312,9.032939910888672,19.232410430908203,8.350420951843262,16.197961807250977,8.202681541442871,21.539838790893555,11.173027992248535
2009-10-01,16.135141372680664,8.521167755126953,18.563613891601562,8.276972770690918,16.55069351196289,8.021758079528809,21.18178939819336,10.944091796875
2009-11-01,16.5936336517334,8.891120910644531,20.19316864013672,8.734795570373535,17.159406661987305,8.408860206604004,23.15131950378418,11.678598403930664
2009-12-01,16.64911651611328,8.733431816101074,20.398693084716797,9.208681106567383,16.960779190063477,8.764880180358887,23.445608139038086,12.147860527038574
2010-01-01,16.002731323242188,8.63193130493164,20.228322982788086,8.44775390625,16.946773529052734,8.442934036254883,23.73445701599121,11.861405372619629
2010-02-01,16.48427963256836,8.936302185058594,21.306961059570312,8.741975784301758,17.48362922668457,8.331428527832031,23.82550621032715,12.521964073181152
2010-03-01,16.88948631286621,9.709402084350586,23.080078125,9.310267448425293,18.06578254699707,8.480100631713867,24.379411697387695,13.473832130432129
2010-04-01,17.65285301208496,9.859654426574707,24.145145416259766,9.457161903381348,17.94744110107422,8.780585289001465,23.509382247924805,14.313451766967773
2010-05-01,15.631505966186523,8.95666790008545,21.94339370727539,8.749593734741211,17.115999221801758,8.295984268188477,21.97913932800293,13.306336402893066
2010-06-01,14.638520240783691,8.425857543945312,20.334697723388672,8.2482328414917,16.563873291015625,8.151756286621094,21.46906089782715,11.974469184875488
2010-07-01,15.936622619628906,8.9938383102417,22.565366744995117,8.894160270690918,17.650978088378906,8.852798461914062,21.861297607421875,12.9656982421875
2010-08-01,15.155184745788574,8.290715217590332,21.000913619995117,8.395079612731934,17.32386589050293,8.981059074401855,21.50165367126465,12.45020580291748
2010-09-01,16.5937442779541,8.773730278015137,23.30289077758789,9.340489387512207,18.239778518676758,9.147209167480469,23.330446243286133,13.778116226196289
2010-10-01,17.61564064025879,8.922125816345215,24.095542907714844,9.91585922241211,18.956274032592773,9.341169357299805,23.973430633544922,14.587790489196777
2010-11-01,18.647478103637695,8.86085033416748,24.417516708374023,9.752968788146973,18.659765243530273,9.058464050292969,23.281221389770508,14.955999374389648
2010-12-01,20.29485511779785,9.773898124694824,26.109745025634766,10.257925987243652,19.312070846557617,9.229265213012695,24.227237701416016,15.477287292480469
2011-01-01,21.84868812561035,10.086088180541992,27.27420425415039,10.621759414672852,19.194929122924805,9.452999114990234,24.49207305908203,15.472859382629395
2011-02-01,23.458593368530273,10.36284065246582,27.853708267211914,10.854706764221191,19.75322723388672,9.569226264953613,25.257448196411133,16.400897979736328
2011-03-01,23.819988250732422,10.079937934875488,28.350439071655273,10.650365829467773,19.886157989501953,9.497706413269043,25.597618103027344,16.25107192993164
2011-04-01,24.118961334228516,10.100154876708984,29.2535457611084,10.965204238891602,21.06882095336914,9.979589462280273,27.368465423583984,16.93186378479004
2011-05-01,23.109004974365234,9.767183303833008,28.444725036621094,10.850381851196289,21.596879959106445,10.193263053894043,28.04413414001465,16.885929107666016
2011-06-01,22.58155059814453,9.46504020690918,28.149911880493164,10.538737297058105,20.874971389770508,10.075894355773926,27.59368133544922,16.78989028930664
2011-07-01,22.995697021484375,9.158679008483887,26.344772338867188,10.62622356414795,20.75212287902832,10.084357261657715,26.628494262695312,16.61452293395996
2011-08-01,20.64649200439453,8.279939651489258,24.612762451171875,10.062183380126953,20.792518615722656,10.303252220153809,26.066591262817383,15.742936134338379
2011-09-01,17.599449157714844,7.308379173278809,22.19706916809082,9.716348648071289,19.964582443237305,10.221165657043457,24.763256072998047,14.607367515563965
2011-10-01,21.050676345825195,8.386655807495117,25.52971076965332,10.749311447143555,21.042808532714844,10.703278541564941,26.332609176635742,16.40656852722168
2011-11-01,21.400972366333008,7.958005428314209,25.888744354248047,10.58813190460205,21.62582778930664,10.813843727111816,26.58368492126465,16.28883934020996
2011-12-01,20.87554168701172,8.076037406921387,25.781797409057617,10.517877578735352,22.02580451965332,11.05033016204834,27.219247817993164,16.40656852722168
2012-01-01,21.436965942382812,8.79049301147461,27.854055404663086,11.219731330871582,21.910259246826172,10.770363807678223,28.247737884521484,17.4744873046875
2012-02-01,22.707590103149414,9.22813892364502,28.630762100219727,12.016695022583008,22.731124877929688,10.835583686828613,28.54758071899414,18.26531410217285
2012-03-01,21.758419036865234,9.878361701965332,28.776884078979492,12.518941879272461,23.31257438659668,10.882166862487793,29.6759033203125,19.06884765625
2012-04-01,21.687198638916016,9.677836418151855,28.594287872314453,12.41756534576416,23.504758834838867,11.177166938781738,29.74637794494629,19.348146438598633
2012-05-01,19.370532989501953,8.787199020385742,26.786373138427734,11.630536079406738,23.229686737060547,11.239853858947754,28.667869567871094,18.283382415771484
2012-06-01,20.20465660095215,9.182337760925293,27.558990478515625,11.963672637939453,23.910491943359375,11.594038963317871,30.14288902282715,18.57184600830078
2012-07-01,21.305574417114258,9.239095687866211,27.798076629638672,12.231684684753418,24.67060661315918,11.996149063110352,30.608335494995117,18.53533363342285
2012-08-01,21.880657196044922,9.554208755493164,28.22503089904785,12.745864868164062,24.552894592285156,11.499476432800293,30.967117309570312,19.39099884033203
2012-09-01,22.461856842041016,9.825207710266113,28.356992721557617,12.887999534606934,24.809085845947266,11.512129783630371,31.98766326904297,19.91887664794922
2012-10-01,22.10460662841797,10.062212944030762,28.509286880493164,12.118504524230957,24.677396774291992,11.796981811523438,32.07452392578125,19.680809020996094
2012-11-01,21.83421516418457,9.973614692687988,29.009307861328125,12.227643013000488,25.13064193725586,11.291851997375488,32.242794036865234,20.304521560668945
2012-12-01,21.944833755493164,10.37230396270752,29.610898971557617,12.110113143920898,24.33573341369629,11.163972854614258,31.954330444335938,20.26607322692871
2013-01-01,23.888010025024414,11.06774616241455,31.5438175201416,12.411980628967285,25.997865676879883,11.826671600341797,34.567840576171875,21.55259132385254
2013-02-01,23.99301528930664,11.201478004455566,32.2442741394043,12.509078979492188,26.858118057250977,12.101485252380371,35.00284957885742,21.896541595458984
2013-03-01,24.49332046508789,11.596301078796387,32.866004943847656,12.77927017211914,28.042720794677734,12.641409873962402,37.0168342590332,22.7865047454834
2013-04-01,24.280467987060547,11.948486328125,32.763607025146484,13.056194305419922,29.01034164428711,13.511054992675781,38.29357147216797,23.54896354675293
2013-05-01,24.972244262695312,12.676894187927246,34.4077262878418,13.420744895935059,28.379674911499023,12.288118362426758,38.924644470214844,24.200109481811523
2013-06-01,24.289766311645508,12.427706718444824,33.70423889160156,12.967172622680664,28.11040496826172,12.271807670593262,38.520103454589844,24.320844650268555
2013-07-01,25.69040298461914,13.144990921020508,35.878517150878906,13.518342018127441,29.520631790161133,12.935074806213379,41.465938568115234,25.6835994720459
2013-08-01,25.42544937133789,12.471383094787598,34.98871994018555,13.377745628356934,28.179750442504883,12.289311408996582,40.00299835205078,24.952497482299805
2013-09-01,25.843128204345703,12.772902488708496,36.871612548828125,13.650415420532227,28.38660430908203,12.312370300292969,41.116458892822266,26.228679656982422
2013-10-01,27.0527400970459,13.248357772827148,38.80535125732422,14.405736923217773,30.396366119384766,12.89931869506836,43.06513977050781,27.511823654174805
2013-11-01,27.068403244018555,13.834456443786621,40.226043701171875,14.850963592529297,30.870071411132812,12.649847984313965,45.09720230102539,28.462003707885742
2013-12-01,27.716617584228516,14.079190254211426,41.7105598449707,15.300477027893066,30.84853744506836,12.629889488220215,45.24409866333008,28.995664596557617
2014-01-01,26.231792449951172,13.627724647521973,40.13410568237305,14.980103492736816,29.477548599243164,13.144983291625977,45.856536865234375,27.36503791809082
2014-02-01,27.57515525817871,14.04186725616455,41.7625732421875,15.63833236694336,30.62743377685547,13.598834037780762,48.708221435546875,29.116193771362305
2014-03-01,28.01875114440918,14.456003189086914,41.979164123535156,15.63833236694336,31.14089584350586,13.938390731811523,47.92975616455078,28.192703247070312
2014-04-01,29.636138916015625,14.262770652770996,42.726043701171875,15.748824119567871,32.15679931640625,14.647758483886719,47.791324615478516,27.896879196166992
2014-05-01,30.13249397277832,14.47709846496582,43.547855377197266,16.340747833251953,32.73829650878906,14.488435745239258,49.16453170776367,28.700927734375
2014-06-01,31.64687156677246,14.769368171691895,43.55590057373047,16.569738388061523,32.43301010131836,15.00369644165039,50.01972579956055,29.16412353515625
2014-07-01,30.691673278808594,14.612640380859375,41.94974899291992,16.92827606201172,31.572233200073242,14.102912902832031,50.273616790771484,28.884721755981445
2014-08-01,31.361845016479492,15.232101440429688,43.7222785949707,17.483871459960938,33.02862548828125,14.796953201293945,52.70846939086914,30.16915512084961
2014-09-01,28.78276824951172,15.108210563659668,43.01811981201172,17.31893539428711,33.013999938964844,14.390103340148926,52.74974060058594,29.23542594909668
2014-10-01,27.909263610839844,15.609336853027344,44.89621353149414,17.672460556030273,34.40147018432617,15.685807228088379,55.72090148925781,29.953388214111328
2014-11-01,25.482925415039062,15.975992202758789,46.278629302978516,18.52252197265625,36.308982849121094,15.868644714355469,57.65917205810547,31.585203170776367
2014-12-01,25.272212982177734,16.192066192626953,46.010292053222656,18.025564193725586,35.71242141723633,16.289505004882812,56.64033126831055,31.734756469726562
2015-01-01,24.2695369720459,15.142858505249023,44.62495803833008,17.483951568603516,35.62060546875,16.817550659179688,57.58994674682617,30.91231346130371
2015-02-01,25.384233474731445,16.02471160888672,47.0128059387207,18.881784439086914,37.09674835205078,15.742093086242676,60.05913162231445,33.553497314453125
2015-03-01,24.92164421081543,15.86677074432373,45.606258392333984,18.158767700195312,36.154685974121094,15.463654518127441,60.27531433105469,33.27964401245117
2015-04-01,26.740428924560547,15.939205169677734,45.7008171081543,18.73468017578125,36.09996032714844,15.51174259185791,59.785255432128906,33.37370681762695
2015-05-01,25.352949142456055,16.249670028686523,45.84868240356445,19.082273483276367,36.41341018676758,15.609967231750488,62.478153228759766,33.81242752075195
2015-06-01,24.308303833007812,16.10434913635254,44.41103744506836,18.215497970581055,35.52529525756836,14.543577194213867,62.01958084106445,33.89218521118164
2015-07-01,22.587989807128906,16.72540283203125,44.76363754272461,18.818971633911133,37.780548095703125,15.57142162322998,64.07371520996094,35.662532806396484
2015-08-01,21.6275691986084,15.544479370117188,42.34465408325195,17.780349731445312,35.527671813964844,15.029833793640137,58.970577239990234,33.33304977416992
2015-09-01,19.924835205078125,15.033628463745117,41.18880844116211,17.45770835876465,35.43758010864258,15.32363510131836,55.40674591064453,33.01297378540039
2015-10-01,22.31185531616211,16.053850173950195,45.04698944091797,19.37885856628418,37.69929504394531,15.63269329071045,59.89799499511719,36.13163375854492
2015-11-01,22.30856704711914,16.373855590820312,45.4371223449707,19.516489028930664,37.351619720458984,15.30038833618164,59.70488739013672,36.04684829711914
2015-12-01,19.78319549560547,15.887171745300293,44.001121520996094,19.014808654785156,38.160335540771484,15.464752197265625,60.47731399536133,34.87771224975586
2016-01-01,19.264102935791016,14.571192741394043,41.74628448486328,18.400875091552734,38.64698791503906,16.397193908691406,56.04548645019531,33.2072639465332
2016-02-01,18.72467041015625,14.148553848266602,43.5250358581543,18.280412673950195,38.76881408691406,16.714881896972656,55.84311294555664,33.355125427246094
2016-03-01,20.481964111328125,15.094466209411621,46.32260513305664,19.792987823486328,40.39813995361328,17.913450241088867,57.15003967285156,35.44319152832031
2016-04-01,22.49803924560547,15.707277297973633,47.139461517333984,18.893007278442383,40.02419662475586,17.611669540405273,59.055908203125,35.63405227661133
2016-05-01,22.288061141967773,16.003772735595703,46.937992095947266,19.816808700561523,40.299686431884766,17.87718963623047,60.37596893310547,35.65205383300781
2016-06-01,22.744678497314453,15.404046058654785,47.01353454589844,19.4490909576416,42.20524215698242,19.084762573242188,60.68061447143555,35.12114334106445
2016-07-01,22.605913162231445,16.021591186523438,48.98606872558594,20.931713104248047,42.11271667480469,19.112525939941406,63.88999938964844,36.85321044921875
2016-08-01,22.985034942626953,16.63807487487793,49.450279235839844,21.175050735473633,41.8663444519043,18.052753448486328,61.816978454589844,36.37458419799805
2016-09-01,23.689586639404297,16.09496307373047,49.273033142089844,21.53104591369629,40.965579986572266,17.964740753173828,61.26471710205078,36.13980484008789
2016-10-01,23.161087036132812,16.540597915649414,48.549442291259766,21.45720672607422,40.90167236328125,18.280664443969727,57.45071029663086,35.39830780029297
2016-11-01,25.12211799621582,18.861642837524414,52.962257385253906,21.493412017822266,39.18195343017578,17.289522171020508,58.6362190246582,37.09796905517578
2016-12-01,25.42252540588379,19.481704711914062,52.80101776123047,21.882558822631836,40.057308197021484,17.962614059448242,58.79825210571289,36.894012451171875
2017-01-01,24.73578453063965,19.620676040649414,54.11478805541992,22.760854721069336,41.0428466796875,18.364286422729492,60.40968704223633,38.6762809753418
2017-02-01,24.220029830932617,20.656005859375,56.23222732543945,23.792543411254883,43.00172805786133,19.33141326904297,64.2388687133789,39.37841033935547
2017-03-01,23.717857360839844,19.974201202392578,55.5491943359375,24.228853225708008,42.59590148925781,19.159643173217773,63.69914627075195,40.09877014160156
2017-04-01,23.156953811645508,19.87643814086914,56.89960479736328,24.810354232788086,43.290687561035156,19.451990127563477,64.91018676757812,41.183597564697266
2017-05-01,22.337722778320312,19.639917373657227,57.911678314208984,25.79126739501953,44.43612289428711,20.257156372070312,65.40884399414062,41.636329650878906
2017-06-01,22.16022300720215,20.839427947998047,58.41771697998047,24.965473175048828,43.10239028930664,19.5498104095459,68.12559509277344,40.986976623535156
2017-07-01,22.897062301635742,21.275270462036133,58.8665771484375,26.183774948120117,43.73518753051758,20.18634796142578,68.95719909667969,41.905494689941406
2017-08-01,21.642568588256836,20.944568634033203,58.99583435058594,26.948762893676758,43.2529296875,20.850120544433594,70.16561889648438,41.125732421875
2017-09-01,23.53634262084961,21.928205490112305,61.1847038269043,27.07244300842285,42.67579650878906,20.121862411499023,70.54537200927734,41.31837463378906
2017-10-01,23.647796630859375,22.649755477905273,61.923309326171875,28.93906593322754,42.235618591308594,21.066478729248047,70.2679672241211,42.3437385559082
2017-11-01,24.062183380126953,23.43313980102539,64.50308990478516,29.34821128845215,44.590450286865234,21.632118225097656,72.3124771118164,44.48878479003906
2017-12-01,25.162567138671875,23.76521873474121,65.50729370117188,29.398780822753906,45.25870895385742,20.13391876220703,71.62812042236328,45.42781448364258
2018-01-01,26.238019943237305,25.44106101989746,69.39698028564453,31.58481788635254,46.34043884277344,19.688962936401367,76.62870025634766,49.79471969604492
2018-02-01,23.395130157470703,24.696819305419922,66.71613311767578,31.45562744140625,42.805992126464844,18.9251708984375,73.18434143066406,48.06730651855469
2018-03-01,23.62999153137207,23.584732055664062,64.6620101928711,30.186697006225586,42.18085861206055,19.49222755432129,70.80110931396484,46.78330993652344
2018-04-01,26.057666778564453,23.56755828857422,63.11361312866211,30.29964256286621,40.66078567504883,20.044082641601562,71.80049896240234,48.03743362426758
2018-05-01,26.83788299560547,23.335744857788086,65.05369567871094,32.35479736328125,40.02407455444336,19.822492599487305,71.93142700195312,48.9916877746582
2018-06-01,26.80963897705078,22.82918930053711,62.598026275634766,32.155765533447266,41.53124237060547,20.1995792388916,72.84790802001953,50.63154220581055
2018-07-01,27.41013526916504,24.100784301757812,67.49056243896484,32.94320297241211,43.50969314575195,20.705814361572266,77.90997314453125,51.67951583862305
2018-08-01,26.45760726928711,24.42845344543457,67.64850616455078,35.117130279541016,43.68024826049805,20.972532272338867,81.28289794921875,54.31760025024414
2018-09-01,26.919649124145508,23.78174591064453,68.78913879394531,34.99171447753906,43.80208969116211,20.650903701782227,83.35918426513672,54.44300079345703
2018-10-01,24.034269332885742,22.76131248474121,61.60977554321289,32.29985046386719,44.994842529296875,21.248140335083008,78.01139831542969,49.09018325805664
2018-11-01,23.65850067138672,23.358924865722656,63.954994201660156,31.665979385375977,46.017269134521484,22.000083923339844,84.3173828125,50.3060188293457
2018-12-01,20.523595809936523,20.63068389892578,56.78715896606445,28.888093948364258,41.53495788574219,20.94341278076172,76.08531188964844,46.12278747558594
2019-01-01,23.038175582885742,22.60692024230957,63.66703414916992,31.026351928710938,44.06939697265625,21.855670928955078,80.10597229003906,50.87264633178711
2019-02-01,23.569154739379883,23.112396240234375,67.7210922241211,33.170291900634766,44.85354995727539,22.753686904907227,80.9718017578125,51.5413932800293
2019-03-01,23.8834228515625,22.406475067138672,66.55899047851562,34.64017105102539,46.31455993652344,23.216663360595703,81.06013488769531,53.24369812011719
2019-04-01,24.067094802856445,24.54432487487793,69.60145568847656,36.96400451660156,47.89620590209961,23.60597038269043,79.15391540527344,56.34420394897461
2019-05-01,21.39499855041504,22.783647537231445,64.28385925292969,33.76118087768555,46.153316497802734,23.42101287841797,77.3980941772461,52.05984115600586
2019-06-01,23.193384170532227,24.176416397094727,69.07504272460938,36.64935302734375,48.194984436035156,23.975881576538086,82.15123748779297,55.93593215942383
2019-07-01,23.0340518951416,24.871870040893555,69.73384857177734,38.06544494628906,49.69963836669922,24.134857177734375,81.16590881347656,56.84453582763672
2019-08-01,21.116378784179688,23.70090675354004,67.88792419433594,37.48105239868164,50.77843475341797,25.362878799438477,80.68499755859375,56.3077278137207
2019-09-01,21.74825668334961,24.651763916015625,69.56361389160156,37.95233154296875,51.363826751708984,26.238290786743164,80.26643371582031,56.835113525390625
2019-10-01,21.487455368041992,25.39687728881836,70.72502136230469,39.555015563964844,51.44898223876953,26.241085052490234,84.73130798339844,57.094512939453125
2019-11-01,21.832233428955078,26.67999839782715,73.90497589111328,41.67766571044922,52.155616760253906,25.7509822845459,88.9701156616211,57.85042190551758
2019-12-01,22.258569717407227,27.23748779296875,73.39151000976562,43.33702087402344,52.98000717163086,26.3922061920166,91.08951568603516,59.25357437133789
2020-01-01,20.60331916809082,26.646825790405273,73.43042755126953,45.214317321777344,53.58360290527344,28.392953872680664,89.60369873046875,59.40153121948242
2020-02-01,17.453453063964844,23.649507522583008,66.16073608398438,41.913230895996094,49.181915283203125,25.593994140625,83.70182800292969,54.90327453613281
2020-03-01,11.203828811645508,18.51758575439453,53.422882080078125,38.1188850402832,46.196563720703125,22.80738639831543,80.05946350097656,46.489803314208984
2020-04-01,14.978398323059082,20.441612243652344,58.581871032714844,43.58147430419922,49.693885803222656,23.80482292175293,90.57443237304688,55.536407470703125
2020-05-01,15.277966499328613,20.997724533081055,61.73860168457031,46.70908737182617,50.52126693725586,24.815048217773438,93.55329895019531,59.15153884887695
2020-06-01,14.919266700744629,20.755544662475586,62.67831802368164,49.81760787963867,50.01801681518555,23.459766387939453,90.88321685791016,60.828102111816406
2020-07-01,14.384004592895508,21.691329956054688,65.73326873779297,52.79472732543945,53.89781188964844,25.5001277923584,96.24796295166016,65.40489959716797
2020-08-01,14.232295989990234,22.62108039855957,71.30497741699219,59.067169189453125,56.37351989746094,24.83778190612793,98.73785400390625,71.65418243408203
2020-09-01,11.956727981567383,21.727434158325195,70.54437255859375,55.79230880737305,55.101280212402344,24.892276763916016,96.20236206054688,70.16943359375
2020-10-01,11.654315948486328,21.656335830688477,69.79737854003906,53.11769485473633,53.83827209472656,26.374780654907227,93.08704376220703,68.40049743652344
2020-11-01,14.916873931884766,25.305049896240234,80.9841079711914,59.164466857910156,57.859291076660156,26.569272994995117,100.48566436767578,75.23717498779297
2020-12-01,15.379478454589844,26.757278442382812,81.46248626708984,62.298072814941406,58.32624435424805,26.51008415222168,103.87364196777344,76.9212417602539
2021-01-01,16.169099807739258,26.41717529296875,78.30765533447266,61.919654846191406,55.88472366333008,26.499608993530273,105.76383209228516,77.65338134765625
2021-02-01,19.80015754699707,29.48320960998535,83.70242309570312,62.76491928100586,55.19585418701172,24.883621215820312,103.53878784179688,77.24115753173828
2021-03-01,20.174367904663086,31.07097053527832,90.94476318359375,63.783077239990234,59.5644645690918,27.30546760559082,107.33607482910156,80.5580062866211
2021-04-01,20.525556564331055,33.234275817871094,94.44926452636719,67.23367309570312,60.99992370605469,28.66058921813965,111.94353485107422,85.894775390625
2021-05-01,21.69749641418457,34.819915771484375,97.40516662597656,66.60801696777344,62.078243255615234,27.9904727935791,114.03792572021484,82.97594451904297
2021-06-01,22.387357711791992,33.628387451171875,94.88477325439453,71.0645980834961,61.34183120727539,27.16141128540039,116.20609283447266,85.71717071533203
2021-07-01,20.735326766967773,33.605167388916016,96.07718658447266,73.96243286132812,63.099151611328125,28.558509826660156,122.40225219726562,86.74817657470703
2021-08-01,20.319698333740234,35.335121154785156,97.14616394042969,76.5949935913086,63.760921478271484,29.671064376831055,125.23655700683594,88.29630279541016
2021-09-01,21.868867874145508,34.534549713134766,90.94612121582031,71.99525451660156,60.74317169189453,27.65374755859375,117.9100112915039,86.27701568603516
2021-10-01,24.420671463012695,37.20705032348633,97.44125366210938,78.01933288574219,63.261566162109375,29.18476104736328,124.38581848144531,96.85475158691406
2021-11-01,23.196874618530273,35.08146667480469,93.97220611572266,81.49211883544922,62.40919494628906,28.687519073486328,120.58415985107422,98.43888854980469
2021-12-01,23.583555221557617,36.088809967041016,98.6722183227539,83.97957611083984,68.46454620361328,31.22171974182129,130.9573974609375,98.43888854980469
2022-01-01,28.374019622802734,36.27099609375,94.29862976074219,78.37984466552734,67.91474151611328,30.44284439086914,122.44718933105469,89.18770599365234
2022-02-01,30.37982749938965,35.76954650878906,93.50298309326172,74.5569076538086,66.95822143554688,29.862560272216797,121.26220703125,85.56137084960938
2022-03-01,32.90215301513672,35.58382797241211,96.39543151855469,76.90875244140625,67.8432388305664,32.73320007324219,127.82169342041016,89.21183013916016
2022-04-01,32.65630340576172,32.171260833740234,89.35298156738281,68.56183624267578,69.7225112915039,31.53577423095703,121.9493179321289,78.66566467285156
2022-05-01,37.892616271972656,33.06620407104492,88.93972778320312,68.09156799316406,66.87577056884766,32.89438247680664,123.76512908935547,74.63770294189453
2022-06-01,31.074556350708008,29.318639755249023,82.02741241455078,61.62906265258789,64.81930541992188,31.035701751708984,120.03055572509766,66.39830017089844
2022-07-01,34.459434509277344,31.59299087524414,90.21692657470703,70.10101318359375,67.39604187011719,32.98811340332031,124.44740295410156,78.82335662841797
2022-08-01,35.37343215942383,30.974441528320312,87.66060638427734,65.74580383300781,66.14747619628906,33.16207504272461,117.26631927490234,75.27985382080078
2022-09-01,31.647132873535156,28.45337677001953,78.1427230834961,57.73538589477539,60.37507247924805,29.2231388092041,113.83553314208984,68.9577407836914
2022-10-01,39.97911834716797,32.01355743408203,89.42610168457031,62.30721664428711,66.24081420898438,29.991436004638672,125.27375793457031,69.86856842041016
2022-11-01,40.489967346191406,34.20872497558594,96.41148376464844,66.24922180175781,70.29322052001953,32.07979202270508,131.19061279296875,70.90666961669922
2022-12-01,38.85527420043945,32.22083282470703,93.08465576171875,60.63588333129883,67.88910675048828,31.662120819091797,128.19915771484375,62.65517807006836
2023-01-01,40.35947036743164,34.660240173339844,96.99544525146484,66.43943786621094,67.63301086425781,31.282758712768555,126.36779022216797,72.3316650390625
2023-02-01,37.55903625488281,33.863895416259766,96.15739440917969,66.7131118774414,66.06464385986328,29.430877685546875,120.5023422241211,70.79456329345703
2023-03-01,37.17308044433594,30.479398727416992,96.35738372802734,73.79393005371094,68.52267456054688,30.648868560791016,122.67228698730469,72.74024963378906
2023-04-01,38.60402297973633,31.602466583251953,95.62435150146484,73.86869049072266,71.36803436279297,31.463165283203125,127.02241516113281,72.14254760742188
2023-05-01,34.73136901855469,30.25910186767578,92.61219024658203,80.45578002929688,66.97203826904297,29.615877151489258,121.60018920898438,73.97219848632812
2023-06-01,36.80827331542969,32.116947174072266,102.62406158447266,85.14757537841797,68.35444641113281,29.848499298095703,126.2613754272461,82.85221099853516
2023-07-01,40.01909255981445,33.811431884765625,106.01065063476562,87.52951049804688,70.30580139160156,30.838035583496094,128.13748168945312,84.94021606445312
2023-08-01,40.677833557128906,32.90226745605469,103.90809631347656,86.20931243896484,67.53070831298828,28.94830322265625,127.2396240234375,83.4588623046875
2023-09-01,41.35030746459961,31.744266510009766,97.33161926269531,80.45252990722656,63.86458206176758,27.09535789489746,122.96996307373047,78.70191955566406
2023-10-01,39.25908279418945,31.10752296447754,94.8169174194336,80.66372680664062,63.40969467163086,27.667186737060547,119.44615936279297,74.4928207397461
2023-11-01,38.97796630859375,34.51050567626953,103.19389343261719,91.0657730102539,66.02608489990234,29.090177536010742,125.93923950195312,82.66206359863281
2023-12-01,38.63694763183594,36.14470291137695,109.8839111328125,94.66590118408203,67.30623626708984,29.354381561279297,130.8018798828125,87.57437133789062
2024-01-01,38.807987213134766,37.444271087646484,109.4189224243164,97.4378890991211,68.65441131591797,28.751296997070312,135.2410888671875,83.8598861694336
2024-02-01,40.07816696166992,38.970638275146484,117.2795639038086,102.02191162109375,70.09491729736328,29.0554141998291,139.51853942871094,90.47859954833984
2024-03-01,43.925933837890625,40.69021987915039,122.08705139160156,102.65776062011719,71.89319610595703,30.716392517089844,142.322021484375,90.22346496582031
2024-04-01,43.86347198486328,39.13676452636719,118.1475830078125,96.90264129638672,71.6068115234375,31.4843692779541,135.68109130859375,86.35358428955078
2024-05-01,43.71338653564453,40.37796401977539,120.08235931396484,103.76042175292969,73.3519287109375,34.305419921875,138.93943786621094,86.52568054199219
2024-06-01,42.75188064575195,39.86403274536133,118.48787689208984,111.69452667236328,72.6311264038086,32.144813537597656,140.9215087890625,89.68736267089844
2024-07-01,44.069156646728516,42.58226013183594,124.73869323730469,108.2156753540039,74.39308166503906,34.61530303955078,145.23988342285156,92.38847351074219
2024-08-01,43.15666198730469,44.529319763183594,128.25082397460938,108.97239685058594,78.84616088867188,36.27973175048828,152.5877685546875,92.2061538696289
2024-09-01,41.51134490966797,44.12043762207031,132.13365173339844,111.65800476074219,79.31439971923828,38.414947509765625,149.50108337402344,98.73528289794922
2024-10-01,42.23074722290039,45.413841247558594,130.9868621826172,110.114501953125,76.96914672851562,38.258731842041016,143.09255981445312,97.22064208984375
2024-11-01,45.53903579711914,50.1623649597168,140.93101501464844,115.80751037597656,79.94722747802734,39.70463180541992,143.6186981201172,109.76764678955078
2024-12-01,40.83401870727539,47.22140884399414,128.9608154296875,115.2079849243164,75.51852416992188,36.238311767578125,134.03176879882812,110.77989196777344
